,AnalysisDate,ISIN,OAS_Swap,RiskEntityId,TICKER,IndustryGroup,Market,Sector,SectorGroup,Currency,MatDate,SnrtyCodeDesc,Coupon,CouponPaymentFrequencyCode,Effective_Duration,AmtOutstanding,Price,PriceIsRolledOver,MoodyRating,SandPRating,CurveId,MatYears,logOAS,IL_dist,outlier,suppressed,w,kernel,IL_weight,y,wkil,w_sort,distance
0,5/2/2016,US91086QBF46,0.025537387,100087207,MXGV,SOVRN,SV,SOVR,SOV,USD,1/23/2046,Senior Unsecured,4.6,Semiannually,15.56205934,5.631137014,97.9583,N,A3,BBB+,USD-MXGV-SEN,29.72758385,1.937558438,0,FALSE,FALSE,5.631137014,1,1,1.937558438,5.631137014,1,0
1,5/2/2016,US91086QBE70,0.026552867,100087207,MXGV,SOVRN,SV,SOVR,SOV,USD,1/21/2045,Senior Unsecured,5.55,Semiannually,14.66741755,5.631135137,111.4765,N,A3,BBB+,USD-MXGV-SEN,28.72279261,1.976552619,0,FALSE,FALSE,5.631135137,1,1,1.976552619,5.631135137,1,0
2,5/2/2016,US91086QAS75,0.024007226,100087207,MXGV,SOVRN,SV,SOVR,SOV,USD,9/27/2034,Senior Unsecured,6.75,Semiannually,11.53826744,3.391279808,129.2967,N,A3,BBB+,USD-MXGV-SEN,18.40383299,1.875769782,0,FALSE,FALSE,3.391279808,1,1,1.875769782,3.391279808,1,0
3,5/2/2016,XS0694196584,0.034068685,100087207,MXGV,SOVRN,SV,SOVR,SOV,USD,10/12/2110,Senior Unsecured,5.75,Semiannually,16.17646273,0.075081802,102.568,N,N/A,N/A,USD-MXGV-SEN,94.4421629,2.225793549,0,FALSE,FALSE,0.075081802,1,1,2.225793549,0.075081802,1,0
4,5/2/2016,US91086QAG38,0.017831949,100087207,MXGV,SOVRN,SV,SOVR,SOV,USD,8/15/2031,Senior Unsecured,8.3,Semiannually,9.989939119,2.17370263,153.5,N,A3,BBB+,USD-MXGV-SEN,15.28542094,1.578406654,0,FALSE,FALSE,2.17370263,1,1,1.578406654,2.17370263,1,0
5,5/2/2016,US91086QAJ76,0.015910337,100087207,MXGV,SOVRN,SV,SOVR,SOV,USD,9/24/2022,Senior Unsecured,8,Semiannually,5.264365626,1.147152325,128.962,N,A3,BBB+,USD-MXGV-SEN,6.395619439,1.464383929,0,FALSE,FALSE,1.147152325,1,1,1.464383929,1.147152325,1,0
6,5/2/2016,US91087BAA89,0.017982474,100087207,MXGV,SOVRN,SV,SOVR,SOV,USD,1/30/2025,Senior Unsecured,3.6,Semiannually,7.509252109,5.631135137,101.3061,N,A3,BBB+,USD-MXGV-SEN,8.747433265,1.586812512,0,FALSE,FALSE,5.631135137,1,1,1.586812512,5.631135137,1,0
7,5/2/2016,US91086QBG29,0.018549079,100087207,MXGV,SOVRN,SV,SOVR,SOV,USD,1/21/2026,Senior Unsecured,4.125,Semiannually,8.041513506,4.223351352,104.7238,N,A3,BBB+,USD-MXGV-SEN,9.722108145,1.617835063,0,FALSE,FALSE,4.223351352,1,1,1.617835063,4.223351352,1,0
8,5/2/2016,US91086QAN88,0.023174573,100087207,MXGV,SOVRN,SV,SOVR,SOV,USD,4/8/2033,Senior Unsecured,7.5,Semiannually,10.79384287,1.477912064,138.5,N,A3,BBB+,USD-MXGV-SEN,16.93360712,1.840470609,0,FALSE,FALSE,1.477912064,1,1,1.840470609,1.477912064,1,0
9,5/2/2016,US91086QBD97,0.015083469,100087207,MXGV,SOVRN,SV,SOVR,SOV,USD,1/21/2021,Senior Unsecured,3.5,Semiannually,4.361199267,1.877045046,103.2907,N,A3,BBB+,USD-MXGV-SEN,4.722792608,1.411014272,0,FALSE,FALSE,1.877045046,1,1,1.411014272,1.877045046,1,0
10,5/2/2016,US593048BN00,0.007847966,100087207,MXGV,SOVRN,SV,SOVR,SOV,USD,12/30/2019,Senior Unsecured,8.125,Semiannually,3.215470722,2.522130993,121.9412,N,A3,BBB+,USD-MXGV-SEN,3.660506502,0.784796591,0,FALSE,FALSE,2.522130993,1,1,0.784796591,2.522130993,1,0
11,5/2/2016,US91086QBC15,0.017812903,100087207,MXGV,SOVRN,SV,SOVR,SOV,USD,10/2/2023,Senior Unsecured,4,Semiannually,6.487441066,7.320475678,104.5969,N,A3,BBB+,USD-MXGV-SEN,7.416837782,1.577337996,0,FALSE,FALSE,7.320475678,1,1,1.577337996,7.320475678,1,0
12,5/2/2016,US91086QBB32,0.025708451,100087207,MXGV,SOVRN,SV,SOVR,SOV,USD,3/8/2044,Senior Unsecured,4.75,Semiannually,15.14384626,8.377860201,100.3296,N,A3,BBB+,USD-MXGV-SEN,27.84941821,1.944234667,0,FALSE,FALSE,8.377860201,1,1,1.944234667,8.377860201,1,0
13,5/2/2016,US91086QBA58,0.016640981,100087207,MXGV,SOVRN,SV,SOVR,SOV,USD,3/15/2022,Senior Unsecured,3.625,Semiannually,5.32262881,4.803835041,103.1715,N,A3,BBB+,USD-MXGV-SEN,5.867214237,1.509283303,0,FALSE,FALSE,4.803835041,1,1,1.509283303,4.803835041,1,0
14,5/2/2016,US91086QAZ19,0.034315958,100087207,MXGV,SOVRN,SV,SOVR,SOV,USD,10/12/2110,Senior Unsecured,5.75,Semiannually,16.12709295,5.02671537,102.1483,N,A3,BBB+,USD-MXGV-SEN,94.4421629,2.233025399,0,FALSE,FALSE,5.02671537,1,1,2.233025399,5.02671537,1,0
15,5/2/2016,US91086QAY44,0.011836515,100087207,MXGV,SOVRN,SV,SOVR,SOV,USD,1/15/2020,Senior Unsecured,5.125,Semiannually,3.392457692,3.609204738,109.9481,N,A3,BBB+,USD-MXGV-SEN,3.704312115,1.168604192,0,FALSE,FALSE,3.609204738,1,1,1.168604192,3.609204738,1,0
16,5/2/2016,US91086QAW87,0.007624323,100087207,MXGV,SOVRN,SV,SOVR,SOV,USD,3/19/2019,Senior Unsecured,5.95,Semiannually,2.684309741,3.084957319,111.6522,N,A3,BBB+,USD-MXGV-SEN,2.877481177,0.762432272,0,FALSE,FALSE,3.084957319,1,1,0.762432272,3.084957319,1,0
17,5/2/2016,US91086QAV05,0.02640751,100087207,MXGV,SOVRN,SV,SOVR,SOV,USD,1/11/2040,Senior Unsecured,6.05,Semiannually,13.24434826,6.226832275,118.5,N,A3,BBB+,USD-MXGV-SEN,23.69336071,1.971063348,0,FALSE,FALSE,6.226832275,1,1,1.971063348,6.226832275,1,0
18,5/2/2016,US593048BA88,0.007387355,100087207,MXGV,SOVRN,SV,SOVR,SOV,USD,9/15/2016,Senior Unsecured,11.375,Semiannually,0.37260274,2.976441591,103.6122,N,A3,BBB+,USD-MXGV-SEN,0.372347707,0.738735478,0,FALSE,FALSE,2.976441591,1,1,0.738735478,2.976441591,1,0
19,5/2/2016,US593048AX90,0.022873348,100087207,MXGV,SOVRN,SV,SOVR,SOV,USD,5/15/2026,Senior Unsecured,11.5,Semiannually,6.801113119,0.602306214,162.179,N,A3,BBB+,USD-MXGV-SEN,10.03422313,1.827387275,0,FALSE,FALSE,0.602306214,1,1,1.827387275,0.602306214,1,0
20,5/2/2016,US91086QAU22,0.005353759,100087207,MXGV,SOVRN,SV,SOVR,SOV,USD,1/15/2017,Senior Unsecured,5.625,Semiannually,0.698647764,5.181832495,102.7983,N,A3,BBB+,USD-MXGV-SEN,0.706365503,0.535375931,0,FALSE,FALSE,5.181832495,1,1,0.535375931,5.181832495,1,0
21,5/2/2016,US698299AS33,0.022504269,100086996,PAGV,SOVRN,SV,SOVR,SOV,USD,1/16/2023,Senior Unsecured,9.375,Semiannually,5.252338954,0.260721557,133.5562,N,Baa2,BBB,USD-PAGV-SEN,6.707734428,1.81111991,0,FALSE,FALSE,0.260721557,0.834866052,1,1.570797471,0.217667577,0.949870523,-0.240322439
22,5/2/2016,US698299BF03,0.018154659,100086996,PAGV,SOVRN,SV,SOVR,SOV,USD,3/17/2028,Senior Unsecured,3.875,Semiannually,9.519103655,1.877045046,102.0972,N,Baa2,BBB,USD-PAGV-SEN,11.87405886,1.596342152,0,FALSE,FALSE,1.877045046,0.834866052,1,1.356019713,1.567081187,0.949870523,-0.240322439
23,5/2/2016,US698299BE38,0.016998015,100086996,PAGV,SOVRN,SV,SOVR,SOV,USD,3/16/2025,Senior Unsecured,3.75,Semiannually,7.519880899,2.346306307,103,N,Baa2,BBB,USD-PAGV-SEN,8.87063655,1.530511499,0,FALSE,FALSE,2.346306307,0.834866052,1,1.29018906,1.958851484,0.949870523,-0.240322439
24,5/2/2016,US698299BD54,0.016888419,100086996,PAGV,SOVRN,SV,SOVR,SOV,USD,9/22/2024,Unsecured,4,Semiannually,7.115560107,2.346306307,105,N,Baa2,BBB,USD-PAGV-SEN,8.391512663,1.524043031,0,FALSE,FALSE,2.346306307,0.834866052,1,1.283720592,1.958851484,0.949870523,-0.240322439
25,5/2/2016,US698299BB98,0.023266897,100086996,PAGV,SOVRN,SV,SOVR,SOV,USD,4/29/2053,Senior Unsecured,4.3,Semiannually,17.70015809,1.407783784,96.125,N,Baa2,BBB,USD-PAGV-SEN,36.99110198,1.844446536,0,FALSE,FALSE,1.407783784,0.834866052,1,1.604124097,1.175310891,0.949870523,-0.240322439
26,5/2/2016,US698299BA16,0.024945246,100086996,PAGV,SOVRN,SV,SOVR,SOV,USD,7/25/2022,Unsecured,5.625,Semiannually,5.310008222,2.560358893,109.4487,N,Baa2,BBB,USD-PAGV-SEN,6.228610541,1.914098186,0,FALSE,FALSE,2.560358893,0.834866052,1,1.673775747,2.137556722,0.949870523,-0.240322439
27,5/2/2016,US698299AZ75,0.025149386,100086996,PAGV,SOVRN,SV,SOVR,SOV,USD,7/25/2022,Unsecured,5.625,Semiannually,5.309381476,2.560358893,109.3284,N,Baa2,BBB,USD-PAGV-SEN,6.228610541,1.922248375,0,FALSE,FALSE,2.560358893,0.834866052,1,1.681925936,2.137556722,0.949870523,-0.240322439
28,5/2/2016,US698299AY01,0.020286177,100086996,PAGV,SOVRN,SV,SOVR,SOV,USD,6/15/2018,Unsecured,5,Semiannually,2.007313795,1.865535005,104.1267,N,N/A,N/A,USD-PAGV-SEN,2.119096509,1.707354638,0,FALSE,FALSE,1.865535005,0.834866052,1,1.467032199,1.557471846,0.949870523,-0.240322439
29,5/2/2016,US698299AX28,0.012379511,100086996,PAGV,SOVRN,SV,SOVR,SOV,USD,1/30/2020,Senior Unsecured,5.2,Semiannually,3.429180632,2.815567568,110.1,N,Baa2,BBB,USD-PAGV-SEN,3.745379877,1.213457681,0,FALSE,FALSE,2.815567568,0.834866052,1,0.973135242,2.350621781,0.949870523,-0.240322439
30,5/2/2016,US698299AW45,0.025100869,100086996,PAGV,SOVRN,SV,SOVR,SOV,USD,1/26/2036,Senior Unsecured,6.7,Semiannually,11.55445018,3.817708779,127.2134,N,Baa2,BBB,USD-PAGV-SEN,19.73442847,1.920317387,0,FALSE,FALSE,3.817708779,0.834866052,1,1.679994948,3.187275457,0.949870523,-0.240322439
31,5/2/2016,PAL634445HA6,0.019446146,100086996,PAGV,SOVRN,SV,SOVR,SOV,USD,6/5/2019,Unsecured,3,Semiannually,2.941422339,0.752225802,99.98,N,Baa2,BBB,USD-PAGV-SEN,3.091033539,1.665063809,0,FALSE,FALSE,0.752225802,0.834866052,1,1.42474137,0.628007786,0.949870523,-0.240322439
32,5/2/2016,US698299AD63,0.02345618,100086996,PAGV,SOVRN,SV,SOVR,SOV,USD,9/30/2027,Senior Unsecured,8.875,Semiannually,8.020052796,1.830118919,143.25,N,Baa2,BBB,USD-PAGV-SEN,11.41136208,1.85254892,0,FALSE,FALSE,1.830118919,0.834866052,1,1.612226481,1.527904158,0.949870523,-0.240322439
33,5/2/2016,PAL634445NA4,0.025146669,100086996,PAGV,SOVRN,SV,SOVR,SOV,USD,7/25/2022,Unsecured,5.625,Semiannually,5.309389819,2.560358893,109.33,N,Baa2,BBB,USD-PAGV-SEN,6.228610541,1.922140348,0,FALSE,FALSE,2.560358893,0.834866052,1,1.681817909,2.137556722,0.949870523,-0.240322439
34,5/2/2016,PAL634445PA9,0.022072025,100086996,PAGV,SOVRN,SV,SOVR,SOV,USD,2/5/2021,Unsecured,4.875,Semiannually,4.280042438,1.248608487,106.14,N,N/A,BBB,USD-PAGV-SEN,4.76386037,1.791725869,0,FALSE,FALSE,1.248608487,0.834866052,1,1.55140343,1.042420839,0.949870523,-0.240322439
35,5/2/2016,USP90603AL83,0.02017331,100086996,PAGV,SOVRN,SV,SOVR,SOV,USD,6/15/2018,Unsecured,5,Semiannually,2.007331325,1.865535005,104.1507,N,N/A,N/A,USD-PAGV-SEN,2.119096509,1.70177533,0,FALSE,FALSE,1.865535005,0.834866052,1,1.461452891,1.557471846,0.949870523,-0.240322439
36,5/2/2016,US698299AV61,0.019104611,100086996,PAGV,SOVRN,SV,SOVR,SOV,USD,1/29/2026,Senior Unsecured,7.125,Semiannually,7.401134161,1.839504145,129,N,Baa2,BBB,USD-PAGV-SEN,9.744010951,1.647344606,0,FALSE,FALSE,1.839504145,0.834866052,1,1.407022167,1.535739564,0.949870523,-0.240322439
37,5/2/2016,US698299AT16,0.030800003,100086996,PAGV,SOVRN,SV,SOVR,SOV,USD,4/28/2034,Senior Unsecured,8.125,Semiannually,10.78471387,0.441175036,135.7883,N,Baa2,BBB,USD-PAGV-SEN,17.98767967,2.12492969,0,FALSE,FALSE,0.441175036,0.834866052,1,1.884607251,0.368322061,0.949870523,-0.240322439
38,5/2/2016,PAL634445MA6,0.020270656,100086996,PAGV,SOVRN,SV,SOVR,SOV,USD,6/15/2018,Unsecured,5,Semiannually,2.007316206,1.865535005,104.13,N,Baa2,N/A,USD-PAGV-SEN,2.119096509,1.706589249,0,FALSE,FALSE,1.865535005,0.834866052,1,1.46626681,1.557471846,0.949870523,-0.240322439
39,5/2/2016,US445545AL04,0.021666364,100036773,HUGV,SOVRN,SV,SOVR,SOV,USD,3/25/2024,Unsecured,5.375,Semiannually,6.575152273,3.754090091,111.25,N,Ba1,BB+,USD-HUGV-SEN,7.89596167,1.773175899,0,FALSE,FALSE,3.754090091,0.808828541,1,1.51261139,3.036415213,0.93039482,-0.260564509
40,5/2/2016,US445545AK21,0.016157205,100036773,HUGV,SOVRN,SV,SOVR,SOV,USD,3/25/2019,Unsecured,4,Semiannually,2.755843321,1.451012132,103.75,N,Ba1,BB+,USD-HUGV-SEN,2.893908282,1.479780978,0,FALSE,FALSE,1.451012132,0.808828541,1,1.219216469,1.173620026,0.93039482,-0.260564509
41,5/2/2016,US445545AJ57,0.021729959,100036773,HUGV,SOVRN,SV,SOVR,SOV,USD,11/22/2023,Unsecured,5.75,Semiannually,6.178251612,3.754090091,113.45,N,Ba1,BB+,USD-HUGV-SEN,7.556468172,1.776106824,0,FALSE,FALSE,3.754090091,0.808828541,1,1.515542315,3.036415213,0.93039482,-0.260564509
42,5/2/2016,US445545AH91,0.021797937,100036773,HUGV,SOVRN,SV,SOVR,SOV,USD,2/21/2023,Senior Unsecured,5.375,Semiannually,5.78649527,3.754090091,110.375,N,Ba1,BB+,USD-HUGV-SEN,6.806297057,1.779230238,0,FALSE,FALSE,3.754090091,0.808828541,1,1.518665728,3.036415213,0.93039482,-0.260564509
43,5/2/2016,US445545AG19,0.010704311,100036773,HUGV,SOVRN,SV,SOVR,SOV,USD,2/19/2018,Senior Unsecured,4.125,Semiannually,1.746799192,1.343269746,103.625,N,Ba1,BB+,USD-HUGV-SEN,1.801505818,1.068061468,0,FALSE,FALSE,1.343269746,0.808828541,1,0.807496959,1.086474909,0.93039482,-0.260564509
44,5/2/2016,US445545AF36,0.026878987,100036773,HUGV,SOVRN,SV,SOVR,SOV,USD,3/29/2041,Senior Unsecured,7.625,Semiannually,13.09974166,2.346306307,141.125,N,Ba1,BB+,USD-HUGV-SEN,24.90622861,1.988759735,0,FALSE,FALSE,2.346306307,0.808828541,1,1.728195225,1.897759508,0.93039482,-0.260564509
45,5/2/2016,US445545AE60,0.020314689,100036773,HUGV,SOVRN,SV,SOVR,SOV,USD,3/29/2021,Senior Unsecured,6.375,Semiannually,4.313329853,5.631135137,113.875,N,Ba1,BB+,USD-HUGV-SEN,4.906228611,1.708759137,0,FALSE,FALSE,5.631135137,0.808828541,1,1.448194627,4.554622819,0.93039482,-0.260564509
46,5/2/2016,US445545AD87,0.018769733,100036773,HUGV,SOVRN,SV,SOVR,SOV,USD,1/29/2020,Senior Unsecured,6.25,Semiannually,3.370327646,3.707163965,111.375,N,Ba1,BB+,USD-HUGV-SEN,3.742642026,1.629660522,0,FALSE,FALSE,3.707163965,0.808828541,1,1.369096013,2.998460022,0.93039482,-0.260564509
47,5/2/2016,US455780AU06,0.006910297,100066650,IDGV,SOVRN,SV,SOVR,SOV,USD,3/9/2017,Senior Unsecured,6.875,Semiannually,0.835954867,1.877045046,104.25,N,Baa3,BB+,USD-IDGV-SEN,0.851471595,0.691029659,0,FALSE,FALSE,1.877045046,0.883756448,1,0.49217392,1.658850663,0.862304579,-0.198855739
48,5/2/2016,USY20721BH19,0.023227167,100066650,IDGV,SOVRN,SV,SOVR,SOV,USD,10/17/2023,Senior Unsecured,5.375,Semiannually,6.285091681,1.877045046,109.875,N,Baa3,BB+,USD-IDGV-SEN,7.457905544,1.842737479,0,FALSE,FALSE,1.877045046,0.883756448,1,1.643881741,1.658850663,0.862304579,-0.198855739
49,5/2/2016,US455780BW52,0.030536823,100066650,IDGV,SOVRN,SV,SOVR,SOV,USD,1/8/2046,Senior Unsecured,5.95,Semiannually,14.25791092,2.346306307,111.125,N,Baa3,BB+,USD-IDGV-SEN,29.68651608,2.116348184,0,FALSE,FALSE,2.346306307,0.883756448,1,1.917492445,2.073563329,0.862304579,-0.198855739
50,5/2/2016,US455780BV79,0.022918659,100066650,IDGV,SOVRN,SV,SOVR,SOV,USD,1/8/2026,Senior Unsecured,4.75,Semiannually,7.778782683,4.223351352,106.125,N,Baa3,BB+,USD-IDGV-SEN,9.686516085,1.829366268,0,FALSE,FALSE,4.223351352,0.883756448,1,1.63051053,3.732413991,0.862304579,-0.198855739
51,5/2/2016,US455780BU96,0.028897399,100066650,IDGV,SOVRN,SV,SOVR,SOV,USD,1/15/2045,Senior Unsecured,5.125,Semiannually,14.75661546,3.754090091,101.125,N,Baa3,BB+,USD-IDGV-SEN,28.7063655,2.061166493,0,FALSE,FALSE,3.754090091,0.883756448,1,1.862310754,3.317701326,0.862304579,-0.198855739
52,5/2/2016,US455780BT24,0.021921718,100066650,IDGV,SOVRN,SV,SOVR,SOV,USD,1/15/2025,Senior Unsecured,4.125,Semiannually,7.319220168,3.754090091,102.25,N,Baa3,BB+,USD-IDGV-SEN,8.706365503,1.784892747,0,FALSE,FALSE,3.754090091,0.883756448,1,1.586037008,3.317701326,0.862304579,-0.198855739
53,5/2/2016,US455780BR67,0.031345373,100066650,IDGV,SOVRN,SV,SOVR,SOV,USD,1/15/2044,Senior Unsecured,6.75,Semiannually,13.5603776,3.754090091,121.5,N,Baa3,BB+,USD-IDGV-SEN,27.70431212,2.142481581,0,FALSE,FALSE,3.754090091,0.883756448,1,1.943625842,3.317701326,0.862304579,-0.198855739
54,5/2/2016,US455780BQ84,0.022802938,100066650,IDGV,SOVRN,SV,SOVR,SOV,USD,1/15/2024,Senior Unsecured,5.875,Semiannually,6.301977,3.754090091,113.625,N,Baa3,BB+,USD-IDGV-SEN,7.704312115,1.824304307,0,FALSE,FALSE,3.754090091,0.883756448,1,1.625448569,3.317701326,0.862304579,-0.198855739
55,5/2/2016,US455780AD80,0.019819634,100066650,IDGV,SOVRN,SV,SOVR,SOV,USD,8/1/2019,Unsecured,9.02,Semiannually,0.24931216,0.046926126,101.55,N,NR,NR,USD-IDGV-SEN,3.247091034,1.684087978,0,FALSE,FALSE,0.046926126,0.883756448,1,1.48523224,0.041471267,0.862304579,-0.198855739
56,5/2/2016,US455780AG12,0.019130288,100066650,IDGV,SOVRN,SV,SOVR,SOV,USD,6/1/2021,Unsecured,8.9,Semiannually,4.185204941,0.046926126,126.625,N,NR,NR,USD-IDGV-SEN,5.081451061,1.648687766,0,FALSE,FALSE,0.046926126,0.883756448,1,1.449832027,0.041471267,0.862304579,-0.198855739
57,5/2/2016,US455780AX45,0.031075858,100066650,IDGV,SOVRN,SV,SOVR,SOV,USD,2/17/2037,Senior Unsecured,6.625,Semiannually,12.00727757,2.815567568,118.375,N,Baa3,BB+,USD-IDGV-SEN,20.79671458,2.133846155,0,FALSE,FALSE,2.815567568,0.883756448,1,1.934990417,2.488275994,0.862304579,-0.198855739
58,5/2/2016,US455780BM70,0.026636386,100066650,IDGV,SOVRN,SV,SOVR,SOV,USD,4/15/2043,Senior Unsecured,4.625,Semiannually,15.10191642,2.815567568,97.125,N,Baa3,BB+,USD-IDGV-SEN,26.95140315,1.979693102,0,FALSE,FALSE,2.815567568,0.883756448,1,1.780837363,2.488275994,0.862304579,-0.198855739
59,5/2/2016,US455780AY28,0.010668175,100066650,IDGV,SOVRN,SV,SOVR,SOV,USD,1/17/2018,Senior Unsecured,6.875,Semiannually,1.61924489,3.566385587,108,N,Baa3,BB+,USD-IDGV-SEN,1.711156742,1.064679942,0,FALSE,FALSE,3.566385587,0.883756448,1,0.865824203,3.151816259,0.862304579,-0.198855739
60,5/2/2016,US455780AZ92,0.032621522,100066650,IDGV,SOVRN,SV,SOVR,SOV,USD,1/17/2038,Senior Unsecured,7.75,Semiannually,11.75175168,3.754090091,131,N,Baa3,BB+,USD-IDGV-SEN,21.71115674,2.182387154,0,FALSE,FALSE,3.754090091,0.883756448,1,1.983531416,3.317701326,0.862304579,-0.198855739
61,5/2/2016,US455780BC98,0.014304211,100066650,IDGV,SOVRN,SV,SOVR,SOV,USD,3/4/2019,Senior Unsecured,11.625,Semiannually,2.503443016,3.754090091,125,N,Baa3,BB+,USD-IDGV-SEN,2.836413415,1.357968891,0,FALSE,FALSE,3.754090091,0.883756448,1,1.159113152,3.317701326,0.862304579,-0.198855739
62,5/2/2016,US455780BD71,0.016712993,100066650,IDGV,SOVRN,SV,SOVR,SOV,USD,3/13/2020,Senior Unsecured,5.875,Semiannually,3.510335357,3.754090091,111.125,N,Baa3,BB+,USD-IDGV-SEN,3.863107461,1.513601321,0,FALSE,FALSE,3.754090091,0.883756448,1,1.314745582,3.317701326,0.862304579,-0.198855739
63,5/2/2016,US455780BF20,0.018385636,100066650,IDGV,SOVRN,SV,SOVR,SOV,USD,5/5/2021,Senior Unsecured,4.875,Semiannually,4.428458321,4.692612614,108.125,N,Baa3,BB+,USD-IDGV-SEN,5.00752909,1.608984601,0,FALSE,FALSE,4.692612614,0.883756448,1,1.410128862,4.147126657,0.862304579,-0.198855739
64,5/2/2016,US455780BJ42,0.029491459,100066650,IDGV,SOVRN,SV,SOVR,SOV,USD,1/17/2042,Unsecured,5.25,Semiannually,13.99349448,4.223351352,102.375,N,Baa3,BB+,USD-IDGV-SEN,25.71115674,2.081515619,0,FALSE,FALSE,4.223351352,0.883756448,1,1.88265988,3.732413991,0.862304579,-0.198855739
65,5/2/2016,US455780BK15,0.01926155,100066650,IDGV,SOVRN,SV,SOVR,SOV,USD,4/25/2022,Senior Unsecured,3.75,Semiannually,5.41409321,3.754090091,102.375,N,Baa3,BB+,USD-IDGV-SEN,5.979466119,1.655525807,0,FALSE,FALSE,3.754090091,0.883756448,1,1.456670068,3.317701326,0.862304579,-0.198855739
66,5/2/2016,US455780BL97,0.020123981,100066650,IDGV,SOVRN,SV,SOVR,SOV,USD,4/15/2023,Senior Unsecured,3.375,Semiannually,6.241096937,2.815567568,99.255,N,Baa3,BB+,USD-IDGV-SEN,6.951403149,1.699327098,0,FALSE,FALSE,2.815567568,0.883756448,1,1.500471359,2.488275994,0.862304579,-0.198855739
67,5/2/2016,US455780BP02,0.02340776,100066650,IDGV,SOVRN,SV,SOVR,SOV,USD,10/17/2023,Senior Unsecured,5.375,Semiannually,6.284290113,1.877045046,109.75,N,Baa3,BB+,USD-IDGV-SEN,7.457905544,1.850482503,0,FALSE,FALSE,1.877045046,0.883756448,1,1.651626764,1.658850663,0.862304579,-0.198855739
68,5/2/2016,USY20721BG36,0.021756904,100066650,IDGV,SOVRN,SV,SOVR,SOV,USD,1/15/2025,Senior Unsecured,4.125,Semiannually,7.320275982,3.754090091,102.375,N,Baa3,BB+,USD-IDGV-SEN,8.706365503,1.777346044,0,FALSE,FALSE,3.754090091,0.883756448,1,1.578490305,3.317701326,0.862304579,-0.198855739
69,5/2/2016,US455780AT33,0.032424471,100066650,IDGV,SOVRN,SV,SOVR,SOV,USD,10/12/2035,Senior Unsecured,8.5,Semiannually,11.06444852,3.003272073,139.125,N,Baa3,BB+,USD-IDGV-SEN,19.44421629,2.17632831,0,FALSE,FALSE,3.003272073,0.883756448,1,1.977472571,2.654161061,0.862304579,-0.198855739
70,5/2/2016,USY20721AP44,0.013911014,100066650,IDGV,SOVRN,SV,SOVR,SOV,USD,3/4/2019,Senior Unsecured,11.625,Semiannually,2.503640758,3.754090091,125.125,N,Baa3,BB+,USD-IDGV-SEN,2.836413415,1.330095811,0,FALSE,FALSE,3.754090091,0.883756448,1,1.131240073,3.317701326,0.862304579,-0.198855739
71,5/2/2016,USY20721AU39,0.018130505,100066650,IDGV,SOVRN,SV,SOVR,SOV,USD,5/5/2021,Senior Unsecured,4.875,Semiannually,4.428898213,4.692612614,108.25,N,Baa3,BB+,USD-IDGV-SEN,5.00752909,1.595010813,0,FALSE,FALSE,4.692612614,0.883756448,1,1.396155074,4.147126657,0.862304579,-0.198855739
72,5/2/2016,USY20721AF61,0.005490584,100066650,IDGV,SOVRN,SV,SOVR,SOV,USD,3/9/2017,Senior Unsecured,6.875,Semiannually,0.83596583,1.877045046,104.375,N,Baa3,BB+,USD-IDGV-SEN,0.851471595,0.549058448,0,FALSE,FALSE,1.877045046,0.883756448,1,0.350202709,1.658850663,0.862304579,-0.198855739
73,5/2/2016,USY20721BK48,0.031271223,100066650,IDGV,SOVRN,SV,SOVR,SOV,USD,1/15/2044,Senior Unsecured,6.75,Semiannually,13.56710863,3.754090091,121.625,N,Baa3,BB+,USD-IDGV-SEN,27.70431212,2.140113182,0,FALSE,FALSE,3.754090091,0.883756448,1,1.941257444,3.317701326,0.862304579,-0.198855739
74,5/2/2016,USY20721BM04,0.028815517,100066650,IDGV,SOVRN,SV,SOVR,SOV,USD,1/15/2045,Senior Unsecured,5.125,Semiannually,14.76500965,3.754090091,101.25,N,Baa3,BB+,USD-IDGV-SEN,28.7063655,2.058328948,0,FALSE,FALSE,3.754090091,0.883756448,1,1.859473209,3.317701326,0.862304579,-0.198855739
75,5/2/2016,USY20721BN86,0.022767787,100066650,IDGV,SOVRN,SV,SOVR,SOV,USD,1/8/2026,Senior Unsecured,4.75,Semiannually,7.780709982,4.223351352,106.25,N,Baa3,BB+,USD-IDGV-SEN,9.686516085,1.822761598,0,FALSE,FALSE,4.223351352,0.883756448,1,1.623905859,3.732413991,0.862304579,-0.198855739
76,5/2/2016,USY20721BP35,0.03045656,100066650,IDGV,SOVRN,SV,SOVR,SOV,USD,1/8/2046,Senior Unsecured,5.95,Semiannually,14.26753191,2.346306307,111.25,N,Baa3,BB+,USD-IDGV-SEN,29.68651608,2.113716327,0,FALSE,FALSE,2.346306307,0.883756448,1,1.914860588,2.073563329,0.862304579,-0.198855739
77,5/2/2016,USY20721AJ83,0.030983138,100066650,IDGV,SOVRN,SV,SOVR,SOV,USD,2/17/2037,Senior Unsecured,6.625,Semiannually,12.01393263,2.815567568,118.5,N,Baa3,BB+,USD-IDGV-SEN,20.79671458,2.130858013,0,FALSE,FALSE,2.815567568,0.883756448,1,1.932002274,2.488275994,0.862304579,-0.198855739
78,5/2/2016,USY20721AK56,0.009966034,100066650,IDGV,SOVRN,SV,SOVR,SOV,USD,1/17/2018,Senior Unsecured,6.875,Semiannually,1.619402456,3.566385587,108.125,N,Baa3,BB+,USD-IDGV-SEN,1.711156742,0.996603398,0,FALSE,FALSE,3.566385587,0.883756448,1,0.797747659,3.151816259,0.862304579,-0.198855739
79,5/2/2016,IDG000011305,0.003238108,100066650,IDGV,SOVRN,SV,SOVR,SOV,USD,5/15/2017,Unsecured,3.5,Semiannually,1.010471243,1.952126847,102,N,Baa3,N/A,USD-IDGV-SEN,1.034907598,0.323810829,0,FALSE,FALSE,1.952126847,0.883756448,1,0.12495509,1.725204689,0.862304579,-0.198855739
80,5/2/2016,USY20721AL30,0.032530192,100066650,IDGV,SOVRN,SV,SOVR,SOV,USD,1/17/2038,Senior Unsecured,7.75,Semiannually,11.7588132,3.754090091,131.125,N,Baa3,BB+,USD-IDGV-SEN,21.71115674,2.179583555,0,FALSE,FALSE,3.754090091,0.883756448,1,1.980727816,3.317701326,0.862304579,-0.198855739
81,5/2/2016,USY20721BJ74,0.022631287,100066650,IDGV,SOVRN,SV,SOVR,SOV,USD,1/15/2024,Senior Unsecured,5.875,Semiannually,6.302916763,3.754090091,113.75,N,Baa3,BB+,USD-IDGV-SEN,7.704312115,1.816748241,0,FALSE,FALSE,3.754090091,0.883756448,1,1.617892503,3.317701326,0.862304579,-0.198855739
82,5/2/2016,USY20721AQ27,0.016395122,100066650,IDGV,SOVRN,SV,SOVR,SOV,USD,3/13/2020,Senior Unsecured,5.875,Semiannually,3.510579986,3.754090091,111.25,N,Baa3,BB+,USD-IDGV-SEN,3.863107461,1.494398733,0,FALSE,FALSE,3.754090091,0.883756448,1,1.295542994,3.317701326,0.862304579,-0.198855739
83,5/2/2016,USY20721AE96,0.032338189,100066650,IDGV,SOVRN,SV,SOVR,SOV,USD,10/12/2035,Senior Unsecured,8.5,Semiannually,11.06961667,3.003272073,139.25,N,Baa3,BB+,USD-IDGV-SEN,19.44421629,2.173663765,0,FALSE,FALSE,3.003272073,0.883756448,1,1.974808026,2.654161061,0.862304579,-0.198855739
84,5/2/2016,USY20721BB49,0.029401648,100066650,IDGV,SOVRN,SV,SOVR,SOV,USD,1/17/2042,Senior Unsecured,5.25,Semiannually,14.00233024,4.223351352,102.5,N,Baa3,BB+,USD-IDGV-SEN,25.71115674,2.078465633,0,FALSE,FALSE,4.223351352,0.883756448,1,1.879609894,3.732413991,0.862304579,-0.198855739
85,5/2/2016,USY20721BD05,0.019922769,100066650,IDGV,SOVRN,SV,SOVR,SOV,USD,4/15/2023,Senior Unsecured,3.375,Semiannually,6.24165741,2.815567568,99.38,N,Baa3,BB+,USD-IDGV-SEN,6.951403149,1.689278169,0,FALSE,FALSE,2.815567568,0.883756448,1,1.49042243,2.488275994,0.862304579,-0.198855739
86,5/2/2016,USY20721BE87,0.026551848,100066650,IDGV,SOVRN,SV,SOVR,SOV,USD,4/15/2043,Senior Unsecured,4.625,Semiannually,15.1096943,2.815567568,97.25,N,Baa3,BB+,USD-IDGV-SEN,26.95140315,1.976514251,0,FALSE,FALSE,2.815567568,0.883756448,1,1.777658512,2.488275994,0.862304579,-0.198855739
87,5/2/2016,USY20721BC22,0.019035279,100066650,IDGV,SOVRN,SV,SOVR,SOV,USD,4/25/2022,Senior Unsecured,3.75,Semiannually,5.414703942,3.754090091,102.5,N,Baa3,BB+,USD-IDGV-SEN,5.979466119,1.643708955,0,FALSE,FALSE,3.754090091,0.883756448,1,1.444853216,3.317701326,0.862304579,-0.198855739
88,5/2/2016,US78307ADF75,0.020431369,100066992,RUGV,SOVRN,SV,SOVR,SOV,USD,1/16/2019,Senior Unsecured,3.5,Semiannually,2.583949933,2.815567568,101.125,N,Ba1,BB+,USD-RUGV-SEN,2.707734428,1.714486337,0,FALSE,FALSE,2.815567568,0.57597394,1,1.294317662,1.621693545,0.84351089,-0.420168676
89,5/2/2016,US78307ADB61,0.022751453,100066992,RUGV,SOVRN,SV,SOVR,SOV,USD,4/29/2020,Senior Unsecured,5,Semiannually,3.678270669,6.569657659,105.75,N,Ba1,BB+,USD-RUGV-SEN,3.991786448,1.822043925,0,FALSE,FALSE,6.569657659,0.57597394,1,1.40187525,3.783951605,0.84351089,-0.420168676
90,5/2/2016,XS0767473852,0.031633955,100066992,RUGV,SOVRN,SV,SOVR,SOV,USD,4/4/2042,Senior Unsecured,5.625,Semiannually,13.92326778,5.631135137,104.625,N,Ba1,BB+,USD-RUGV-SEN,25.92197125,2.15164597,0,FALSE,FALSE,5.631135137,0.57597394,1,1.731477294,3.24338709,0.84351089,-0.420168676
91,5/2/2016,US78307ADC45,0.023139585,100066992,RUGV,SOVRN,SV,SOVR,SOV,USD,4/4/2022,Unsecured,4.5,Semiannually,5.261656584,3.754090091,104.25,N,Ba1,BB+,USD-RUGV-SEN,5.921971253,1.838959697,0,FALSE,FALSE,3.754090091,0.57597394,1,1.418791021,2.16225806,0.84351089,-0.420168676
92,5/2/2016,US78307ADD28,0.009564793,100066992,RUGV,SOVRN,SV,SOVR,SOV,USD,4/4/2017,Unsecured,3.25,Semiannually,0.915352007,3.754090091,101,N,Ba1,BB+,USD-RUGV-SEN,0.922655715,0.956479336,0,FALSE,FALSE,3.754090091,0.57597394,1,0.53631066,2.16225806,0.84351089,-0.420168676
93,5/2/2016,US78307ADE01,0.031633955,100066992,RUGV,SOVRN,SV,SOVR,SOV,USD,4/4/2042,Unsecured,5.625,Semiannually,13.92326778,5.631135137,104.625,N,Ba1,BB+,USD-RUGV-SEN,25.92197125,2.15164597,0,FALSE,FALSE,5.631135137,0.57597394,1,1.731477294,3.24338709,0.84351089,-0.420168676
94,5/2/2016,US78307ADG58,0.023767853,100066992,RUGV,SOVRN,SV,SOVR,SOV,USD,9/16/2023,Senior Unsecured,4.875,Semiannually,6.276121684,5.631135137,106.249,N,Ba1,BB+,USD-RUGV-SEN,7.37303217,1.865748852,0,FALSE,FALSE,5.631135137,0.57597394,1,1.445580176,3.24338709,0.84351089,-0.420168676
95,5/2/2016,XS0767472458,0.023139585,100066992,RUGV,SOVRN,SV,SOVR,SOV,USD,4/4/2022,Unsecured,4.5,Semiannually,5.261656584,3.754090091,104.25,N,Ba1,BB+,USD-RUGV-SEN,5.921971253,1.838959697,0,FALSE,FALSE,3.754090091,0.57597394,1,1.418791021,2.16225806,0.84351089,-0.420168676
96,5/2/2016,XS0971721377,0.02042928,100066992,RUGV,SOVRN,SV,SOVR,SOV,USD,1/16/2019,Senior Unsecured,3.5,Semiannually,2.584144948,2.815567568,101.125,N,Ba1,BB+,USD-RUGV-SEN,2.707734428,1.714384074,0,FALSE,FALSE,2.815567568,0.57597394,1,1.294215398,1.621693545,0.84351089,-0.420168676
97,5/2/2016,XS0971721450,0.023737447,100066992,RUGV,SOVRN,SV,SOVR,SOV,USD,9/16/2023,Senior Unsecured,4.875,Semiannually,6.280322895,5.631135137,106.249,N,Ba1,BB+,USD-RUGV-SEN,7.37303217,1.864468763,0,FALSE,FALSE,5.631135137,0.57597394,1,1.444300087,3.24338709,0.84351089,-0.420168676
98,5/2/2016,US78307ADH32,0.031699241,100066992,RUGV,SOVRN,SV,SOVR,SOV,USD,9/16/2043,Senior Unsecured,5.875,Semiannually,14.07573055,2.815567568,108.117,N,Ba1,BB+,USD-RUGV-SEN,27.37303217,2.153707631,0,FALSE,FALSE,2.815567568,0.57597394,1,1.733538955,1.621693545,0.84351089,-0.420168676
99,5/2/2016,XS0971721963,0.031695553,100066992,RUGV,SOVRN,SV,SOVR,SOV,USD,9/16/2043,Senior Unsecured,5.875,Semiannually,14.07725654,2.815567568,108.117,N,Ba1,BB+,USD-RUGV-SEN,27.37303217,2.153591286,0,FALSE,FALSE,2.815567568,0.57597394,1,1.73342261,1.621693545,0.84351089,-0.420168676
100,5/2/2016,XS0767469827,0.009564793,100066992,RUGV,SOVRN,SV,SOVR,SOV,USD,4/4/2017,Senior Unsecured,3.25,Semiannually,0.915352007,3.754090091,101,N,Ba1,BB+,USD-RUGV-SEN,0.922655715,0.956479336,0,FALSE,FALSE,3.754090091,0.57597394,1,0.53631066,2.16225806,0.84351089,-0.420168676
101,5/2/2016,US78307AAG85,0.018750058,100066992,RUGV,SOVRN,SV,SOVR,SOV,USD,7/24/2018,Senior Unsecured,11,Semiannually,2.003855607,6.506585192,117.5,N,Ba1,BB+,USD-RUGV-SEN,2.22587269,1.628611758,0,FALSE,FALSE,6.506585192,0.57597394,1,1.208443082,3.747623508,0.84351089,-0.420168676
102,5/2/2016,XS0504954347,0.022747866,100066992,RUGV,SOVRN,SV,SOVR,SOV,USD,4/29/2020,Senior Unsecured,5,Semiannually,3.67868061,6.569657659,105.75,N,Ba1,BB+,USD-RUGV-SEN,3.991786448,1.821886225,0,FALSE,FALSE,6.569657659,0.57597394,1,1.401717549,3.783951605,0.84351089,-0.420168676
103,5/2/2016,US78307AAE38,0.030650308,100066992,RUGV,SOVRN,SV,SOVR,SOV,USD,6/24/2028,Senior Unsecured,12.75,Semiannually,7.577383257,4.692331057,172,N,Ba1,BB+,USD-RUGV-SEN,12.14510609,2.120057615,0,FALSE,FALSE,4.692331057,0.57597394,1,1.699888939,2.702660406,0.84351089,-0.420168676
104,5/2/2016,XS0089375249,0.018750058,100066992,RUGV,SOVRN,SV,SOVR,SOV,USD,7/24/2018,Senior Unsecured,11,Semiannually,2.003855607,6.506585192,117.5,N,Ba1,BB+,USD-RUGV-SEN,2.22587269,1.628611758,0,FALSE,FALSE,6.506585192,0.57597394,1,1.208443082,3.747623508,0.84351089,-0.420168676
105,5/2/2016,XS0088543193,0.030650308,100066992,RUGV,SOVRN,SV,SOVR,SOV,USD,6/24/2028,Senior Unsecured,12.75,Semiannually,7.577383257,4.692331057,172,N,Ba1,BB+,USD-RUGV-SEN,12.14510609,2.120057615,0,FALSE,FALSE,4.692331057,0.57597394,1,1.699888939,2.702660406,0.84351089,-0.420168676
106,5/2/2016,US731011AU68,0.015694708,100082325,PLGV,SOVRN,SV,SOVR,SOV,USD,4/6/2026,Senior Unsecured,3.25,Semiannually,8.523310739,3.28482883,99.75,N,,BBB+,USD-PLGV-SEN,9.927446954,1.450738462,0,FALSE,FALSE,3.28482883,0.887750221,1,1.645932608,2.91610752,0.827855577,0.195194146
107,5/2/2016,US731011AT95,0.014247337,100082325,PLGV,SOVRN,SV,SOVR,SOV,USD,3/17/2023,Senior Unsecured,3,Semiannually,6.236834162,3.754090091,100.675,N,A2,BBB+,USD-PLGV-SEN,6.872005476,1.353984891,0,FALSE,FALSE,3.754090091,0.887750221,1,1.549179037,3.332694309,0.827855577,0.195194146
108,5/2/2016,US731011AR30,0.008731935,100082325,PLGV,SOVRN,SV,SOVR,SOV,USD,7/15/2019,Senior Unsecured,6.375,Semiannually,2.918395575,6.569657659,113.735,N,A2,BBB+,USD-PLGV-SEN,3.20054757,0.873193547,0,FALSE,FALSE,6.569657659,0.887750221,1,1.068387693,5.83221504,0.827855577,0.195194146
109,5/2/2016,US731011AQ56,0.030324255,100082325,PLGV,SOVRN,SV,SOVR,SOV,USD,10/19/2035,Senior Unsecured,5.408,Semiannually,12.20473666,0.187704505,103.875,N,A2,BBB+,USD-PLGV-SEN,19.46338125,2.109362782,0,FALSE,FALSE,0.187704505,0.887750221,1,2.304556928,0.166634715,0.827855577,0.195194146
110,5/2/2016,US857524AC63,0.014762948,100082325,PLGV,SOVRN,SV,SOVR,SOV,USD,1/22/2024,Senior Unsecured,4,Semiannually,6.680819265,3.754090091,106.75,N,A2,BBB+,USD-PLGV-SEN,7.723477071,1.389535424,0,FALSE,FALSE,3.754090091,0.887750221,1,1.58472957,3.332694309,0.827855577,0.195194146
111,5/2/2016,US857524AB80,0.014553416,100082325,PLGV,SOVRN,SV,SOVR,SOV,USD,3/23/2022,Senior Unsecured,5,Semiannually,5.19258616,5.631135137,111.788,N,A2,BBB+,USD-PLGV-SEN,5.889117043,1.375240681,0,FALSE,FALSE,5.631135137,0.887750221,1,1.570434827,4.999041463,0.827855577,0.195194146
112,5/2/2016,US857524AA08,0.0131764,100082325,PLGV,SOVRN,SV,SOVR,SOV,USD,4/21/2021,Senior Unsecured,5.125,Semiannually,4.476630038,3.754090091,111.813,N,A2,BBB+,USD-PLGV-SEN,4.969199179,1.275842291,0,FALSE,FALSE,3.754090091,0.887750221,1,1.471036437,3.332694309,0.827855577,0.195194146
114,5/2/2016,US715638AS19,0.015275596,100032028,PEGV,SOVRN,SV,SOVR,SOV,USD,7/21/2025,Senior Unsecured,7.35,Semiannually,7.082292134,3.771285701,133.3921,N,A3,BBB+,USD-PEGV-SEN,9.2183436,1.423671457,0,FALSE,FALSE,3.771285701,0.983501096,1,1.350707845,3.709063619,0.767767821,-0.072963612
115,5/2/2016,US715638AP79,0.025427221,100032028,PEGV,SOVRN,SV,SOVR,SOV,USD,11/21/2033,Senior Unsecured,8.75,Semiannually,10.4323385,4.21479015,151.048,N,A3,BBB+,USD-PEGV-SEN,17.55509925,1.933235184,0,FALSE,FALSE,4.21479015,0.983501096,1,1.860271572,4.14525073,0.767767821,-0.072963612
116,5/2/2016,US715638AW21,0.008667669,100032028,PEGV,SOVRN,SV,SOVR,SOV,USD,3/30/2019,Senior Unsecured,7.125,Semiannually,2.687260852,1.298622352,114.7462,N,A3,BBB+,USD-PEGV-SEN,2.907597536,0.866766942,0,FALSE,FALSE,1.298622352,0.983501096,1,0.79380333,1.277196506,0.767767821,-0.072963612
117,5/2/2016,US715638AU64,0.02406703,100032028,PEGV,SOVRN,SV,SOVR,SOV,USD,3/14/2037,Senior Unsecured,6.55,Semiannually,12.15171762,2.255583089,127.5072,N,A3,BBB+,USD-PEGV-SEN,20.86516085,1.878257751,0,FALSE,FALSE,2.255583089,0.983501096,1,1.805294139,2.218368439,0.767767821,-0.072963612
118,5/2/2016,US715638BM30,0.0257501,100032028,PEGV,SOVRN,SV,SOVR,SOV,USD,11/18/2050,Senior Unsecured,5.625,Semiannually,15.92672767,4.777079641,114.8119,N,A3,BBB+,USD-PEGV-SEN,34.54620123,1.945853399,0,FALSE,FALSE,4.777079641,0.983501096,1,1.872889787,4.698263061,0.767767821,-0.072963612
119,5/2/2016,US715638BU55,0.016518902,100032028,PEGV,SOVRN,SV,SOVR,SOV,USD,8/25/2027,Senior Unsecured,4.125,Semiannually,9.139545111,2.346306307,106.4131,N,A3,BBB+,USD-PEGV-SEN,11.31279945,1.501920217,0,FALSE,FALSE,2.346306307,0.983501096,1,1.428956605,2.307594823,0.767767821,-0.072963612
120,5/2/2016,US195325BL83,0.015077498,100086867,COGV,SOVRN,SV,SOVR,SOV,USD,3/18/2019,Senior Unsecured,7.375,Semiannually,2.640616464,3.754090091,113.35,N,Baa2,BBB,USD-COGV-SEN,2.874743326,1.410618318,0,FALSE,FALSE,3.754090091,0.708293696,1,1.078403232,2.658998345,0.622159372,-0.332215085
121,5/2/2016,US195325BQ70,0.023199303,100086867,COGV,SOVRN,SV,SOVR,SOV,USD,2/26/2024,Senior Unsecured,4,Semiannually,6.665470034,3.941794596,100.65,N,Baa2,BBB,USD-COGV-SEN,7.819301848,1.841537147,0,FALSE,FALSE,3.941794596,0.708293696,1,1.509322062,2.791948262,0.622159372,-0.332215085
122,5/2/2016,US195325BN40,0.021028223,100086867,COGV,SOVRN,SV,SOVR,SOV,USD,7/12/2021,Senior Unsecured,4.375,Semiannually,4.656648731,3.754090091,104.6,N,Baa2,BBB,USD-COGV-SEN,5.193702943,1.7432804,0,FALSE,FALSE,3.754090091,0.708293696,1,1.411065314,2.658998345,0.622159372,-0.332215085
123,5/2/2016,US195325BM66,0.0351223,100086867,COGV,SOVRN,SV,SOVR,SOV,USD,1/18/2041,Senior Unsecured,6.125,Semiannually,12.91119941,4.692612614,106.5763,N,Baa2,BBB,USD-COGV-SEN,24.71457906,2.256251176,0,FALSE,FALSE,4.692612614,0.708293696,1,1.924036091,3.323747931,0.622159372,-0.332215085
124,5/2/2016,US195325AU91,0.021146576,100086867,COGV,SOVRN,SV,SOVR,SOV,USD,2/25/2020,Senior Unsecured,11.75,Semiannually,3.220570832,1.494238602,130.2283,N,Baa2,BBB,USD-COGV-SEN,3.816563997,1.748892919,0,FALSE,FALSE,1.494238602,0.708293696,1,1.416677834,1.058359782,0.622159372,-0.332215085
125,5/2/2016,US195325BK01,0.036196582,100086867,COGV,SOVRN,SV,SOVR,SOV,USD,9/18/2037,Senior Unsecured,7.375,Semiannually,11.70209731,3.413218711,120.75,N,Baa2,BBB,USD-COGV-SEN,21.3798768,2.28637961,0,FALSE,FALSE,3.413218711,0.708293696,1,1.954164525,2.417561295,0.622159372,-0.332215085
126,5/2/2016,US195325BD67,0.026896647,100086867,COGV,SOVRN,SV,SOVR,SOV,USD,5/21/2024,Senior Unsecured,8.125,Semiannually,6.116908087,1.877045046,126.25,N,Baa2,BBB,USD-COGV-SEN,8.052019165,1.989416552,0,FALSE,FALSE,1.877045046,0.708293696,1,1.657201467,1.329499173,0.622159372,-0.332215085
127,5/2/2016,US195325BB02,0.040970834,100086867,COGV,SOVRN,SV,SOVR,SOV,USD,1/28/2033,Senior Unsecured,10.375,Semiannually,9.377233049,0.639154486,145.1201,N,Baa2,BBB,USD-COGV-SEN,16.74195756,2.410275366,0,FALSE,FALSE,0.639154486,0.708293696,1,2.07806028,0.452709093,0.622159372,-0.332215085
128,5/2/2016,US195325AQ89,0.024704588,100086867,COGV,SOVRN,SV,SOVR,SOV,USD,3/9/2028,Senior Unsecured,11.85,Semiannually,7.76395093,0.041829949,170.6012,N,NR,BBB,USD-COGV-SEN,11.85215606,1.904403874,0,FALSE,FALSE,0.041829949,0.708293696,1,1.572188789,0.029627889,0.622159372,-0.332215085
129,5/2/2016,US195325AL92,0.034546413,100086867,COGV,SOVRN,SV,SOVR,SOV,USD,2/15/2027,Senior Unsecured,8.375,Semiannually,7.579651594,0.290763663,126,N,Baa2,BBB,USD-COGV-SEN,10.78986995,2.23971864,0,FALSE,FALSE,0.290763663,0.708293696,1,1.907503555,0.205946069,0.622159372,-0.332215085
130,5/2/2016,USP3772NHK11,0.022356459,100086867,COGV,SOVRN,SV,SOVR,SOV,USD,3/15/2023,Senior Unsecured,2.625,Semiannually,6.253095282,1.877045046,93.35,N,Baa2,BBB,USD-COGV-SEN,6.866529774,1.804530185,0,FALSE,FALSE,1.877045046,0.708293696,1,1.4723151,1.329499173,0.622159372,-0.332215085
131,5/2/2016,US195325BR53,0.033130577,100086867,COGV,SOVRN,SV,SOVR,SOV,USD,2/26/2044,Senior Unsecured,5.625,Semiannually,13.92279086,4.692612614,102,N,Baa2,BBB,USD-COGV-SEN,27.81930185,2.197871527,0,FALSE,FALSE,4.692612614,0.708293696,1,1.865656442,3.323747931,0.622159372,-0.332215085
132,5/2/2016,US195325CU73,0.030977089,100086867,COGV,SOVRN,SV,SOVR,SOV,USD,6/15/2045,Senior Unsecured,5,Semiannually,14.5621648,4.692612614,95.75,N,Baa2,BBB,USD-COGV-SEN,29.11978097,2.130662788,0,FALSE,FALSE,4.692612614,0.708293696,1,1.798447702,3.323747931,0.622159372,-0.332215085
133,5/2/2016,US195325CX13,0.024355344,100086867,COGV,SOVRN,SV,SOVR,SOV,USD,1/28/2026,Senior Unsecured,4.5,Semiannually,7.850081743,2.815567568,102.75,N,Baa2,BBB,USD-COGV-SEN,9.741273101,1.890166204,0,FALSE,FALSE,2.815567568,0.708293696,1,1.557951119,1.994248759,0.622159372,-0.332215085
134,5/2/2016,US19532MAB46,0.008309059,100086867,COGV,SOVRN,SV,SOVR,SOV,USD,10/7/2016,Senior Unsecured,8.66,Semiannually,0.432867519,0.234630631,102.9651,N,Baa2,BBB,USD-COGV-SEN,0.432580424,0.830905853,0,FALSE,FALSE,0.234630631,0.708293696,1,0.498690767,0.166187397,0.622159372,-0.332215085
135,5/2/2016,US19532NAB29,0.008222068,100086867,COGV,SOVRN,SV,SOVR,SOV,USD,10/7/2016,Senior Unsecured,8.66,Semiannually,0.432867517,0.234630631,102.969,N,Baa2,BBB,USD-COGV-SEN,0.432580424,0.822206784,0,FALSE,FALSE,0.234630631,0.708293696,1,0.489991698,0.166187397,0.622159372,-0.332215085
136,5/2/2016,US900123AW05,0.028261655,100081885,TRGV,SOVRN,SV,SOVR,SOV,USD,2/5/2025,Senior Unsecured,7.375,Semiannually,6.713997249,6.100396398,121.095,N,Baa3,NR,USD-TRGV-SEN,8.76386037,2.038920842,0,FALSE,FALSE,6.100396398,0.675574365,1,1.684659,4.121271421,0.608374975,-0.354261842
137,5/2/2016,US900123CK49,0.02753467,100081885,TRGV,SOVRN,SV,SOVR,SOV,USD,10/9/2026,Senior Unsecured,4.875,Semiannually,8.259911246,2.815567568,103.125,N,Baa3,N/A,USD-TRGV-SEN,10.4366872,2.012860829,0,FALSE,FALSE,2.815567568,0.675574365,1,1.658598987,1.902125271,0.608374975,-0.354261842
138,5/2/2016,US900123AL40,0.028454558,100081885,TRGV,SOVRN,SV,SOVR,SOV,USD,1/15/2030,Senior Unsecured,11.875,Semiannually,8.401303747,2.815567568,172.248,N,Baa3,NR,USD-TRGV-SEN,13.70568104,2.045723262,0,FALSE,FALSE,2.815567568,0.675574365,1,1.69146142,1.902125271,0.608374975,-0.354261842
139,5/2/2016,US900123AT75,0.03248937,100081885,TRGV,SOVRN,SV,SOVR,SOV,USD,2/14/2034,Unsecured,8,Semiannually,10.56615655,2.815567568,131.695,N,Baa3,NR,USD-TRGV-SEN,17.78781656,2.178327853,0,FALSE,FALSE,2.815567568,0.675574365,1,1.824066011,1.902125271,0.608374975,-0.354261842
140,5/2/2016,US900123BY51,0.025863463,100081885,TRGV,SOVRN,SV,SOVR,SOV,USD,3/25/2022,Unsecured,5.125,Semiannually,5.159145362,1.877045046,106.05,N,Baa3,NR,USD-TRGV-SEN,5.894592745,1.950246173,0,FALSE,FALSE,1.877045046,0.675574365,1,1.595984332,1.268083514,0.608374975,-0.354261842
141,5/2/2016,US900123AX87,0.022204836,100081885,TRGV,SOVRN,SV,SOVR,SOV,USD,6/5/2020,Senior Unsecured,7,Semiannually,3.57484731,3.754090091,113.646,N,Baa3,NR,USD-TRGV-SEN,4.093086927,1.797725,0,FALSE,FALSE,3.754090091,0.675574365,1,1.443463158,2.536167028,0.608374975,-0.354261842
142,5/2/2016,US900123AY60,0.032660287,100081885,TRGV,SOVRN,SV,SOVR,SOV,USD,3/17/2036,Senior Unsecured,6.875,Semiannually,11.62634538,5.161873875,119,N,Baa3,NR,USD-TRGV-SEN,19.87405886,2.183574778,0,FALSE,FALSE,5.161873875,0.675574365,1,1.829312936,3.487229664,0.608374975,-0.354261842
143,5/2/2016,US900123BH29,0.02457074,100081885,TRGV,SOVRN,SV,SOVR,SOV,USD,3/30/2021,Senior Unsecured,5.625,Semiannually,4.363964327,3.754090091,108.45,N,Baa3,NR,USD-TRGV-SEN,4.908966461,1.898971222,0,FALSE,FALSE,3.754090091,0.675574365,1,1.54470938,2.536167028,0.608374975,-0.354261842
144,5/2/2016,US900123BG46,0.032585422,100081885,TRGV,SOVRN,SV,SOVR,SOV,USD,5/30/2040,Senior Unsecured,6.75,Semiannually,12.61839299,3.754090091,118.703,N,Baa3,NR,USD-TRGV-SEN,24.07665982,2.181279932,0,FALSE,FALSE,3.754090091,0.675574365,1,1.82701809,2.536167028,0.608374975,-0.354261842
145,5/2/2016,US900123BF62,0.020605407,100081885,TRGV,SOVRN,SV,SOVR,SOV,USD,11/7/2019,Senior Unsecured,7.5,Semiannually,3.084987518,2.815567568,114.285,N,Baa3,NR,USD-TRGV-SEN,3.515400411,1.722968437,0,FALSE,FALSE,2.815567568,0.675574365,1,1.368706595,1.902125271,0.608374975,-0.354261842
146,5/2/2016,US900123BE97,0.007503689,100081885,TRGV,SOVRN,SV,SOVR,SOV,USD,7/14/2017,Senior Unsecured,7.5,Semiannually,1.149060912,4.223351352,106.585,N,Baa3,NR,USD-TRGV-SEN,1.199178645,0.750368871,0,FALSE,FALSE,4.223351352,0.675574365,1,0.39610703,2.853187907,0.608374975,-0.354261842
147,5/2/2016,US900123BZ27,0.026332297,100081885,TRGV,SOVRN,SV,SOVR,SOV,USD,9/26/2022,Unsecured,6.25,Semiannually,5.405666897,4.692612614,112.25,N,Baa3,NR,USD-TRGV-SEN,6.40109514,1.96821113,0,FALSE,FALSE,4.692612614,0.675574365,1,1.613949288,3.170208785,0.608374975,-0.354261842
148,5/2/2016,US900123CA66,0.025402955,100081885,TRGV,SOVRN,SV,SOVR,SOV,USD,3/23/2023,Unsecured,3.25,Semiannually,6.181390883,2.815567568,95.375,N,Baa3,N/A,USD-TRGV-SEN,6.88843258,1.932280411,0,FALSE,FALSE,2.815567568,0.675574365,1,1.578018569,1.902125271,0.608374975,-0.354261842
149,5/2/2016,US900123CB40,0.032027539,100081885,TRGV,SOVRN,SV,SOVR,SOV,USD,4/16/2043,Unsecured,4.875,Semiannually,14.48310436,5.631135137,93.201,N,Baa3,N/A,USD-TRGV-SEN,26.954141,2.164011034,0,FALSE,FALSE,5.631135137,0.675574365,1,1.809749193,3.804250542,0.608374975,-0.354261842
150,5/2/2016,US900123BD15,0.019251352,100081885,TRGV,SOVRN,SV,SOVR,SOV,USD,3/11/2019,Senior Unsecured,7,Semiannually,2.630144176,2.815567568,111.003,N,Baa3,NR,USD-TRGV-SEN,2.855578371,1.654996217,0,FALSE,FALSE,2.815567568,0.675574365,1,1.300734375,1.902125271,0.608374975,-0.354261842
151,5/2/2016,US900123CF53,0.027225074,100081885,TRGV,SOVRN,SV,SOVR,SOV,USD,3/22/2024,Unsecured,5.75,Semiannually,6.477668813,4.692612614,109.75,N,Baa3,N/A,USD-TRGV-SEN,7.887748118,2.001553291,0,FALSE,FALSE,4.692612614,0.675574365,1,1.647291449,3.170208785,0.608374975,-0.354261842
152,5/2/2016,US900123CJ75,0.027032114,100081885,TRGV,SOVRN,SV,SOVR,SOV,USD,4/14/2026,Unsecured,4.25,Semiannually,8.163266568,2.815567568,98.625,N,Baa3,N/A,USD-TRGV-SEN,9.94934976,1.99444049,0,FALSE,FALSE,2.815567568,0.675574365,1,1.640178649,1.902125271,0.608374975,-0.354261842
153,5/2/2016,US900123BB58,0.032652579,100081885,TRGV,SOVRN,SV,SOVR,SOV,USD,3/5/2038,Senior Unsecured,7.25,Semiannually,12.05305886,1.877045046,124.533,N,Baa3,NR,USD-TRGV-SEN,21.83983573,2.183338736,0,FALSE,FALSE,1.877045046,0.675574365,1,1.829076894,1.268083514,0.608374975,-0.354261842
154,5/2/2016,US900123BJ84,0.032649941,100081885,TRGV,SOVRN,SV,SOVR,SOV,USD,1/14/2041,Unsecured,6,Semiannually,13.1550172,5.631135137,108.39,N,Baa3,NR,USD-TRGV-SEN,24.70362765,2.18325797,0,FALSE,FALSE,5.631135137,0.675574365,1,1.828996128,3.804250542,0.608374975,-0.354261842
155,5/2/2016,US900123BA75,0.014990304,100081885,TRGV,SOVRN,SV,SOVR,SOV,USD,4/3/2018,Senior Unsecured,6.75,Semiannually,1.828875457,4.223351352,108.012,N,Baa3,NR,USD-TRGV-SEN,1.919233402,1.404818475,0,FALSE,FALSE,4.223351352,0.675574365,1,1.050556633,2.853187907,0.608374975,-0.354261842
156,5/2/2016,US900123AZ36,0.003916123,100081885,TRGV,SOVRN,SV,SOVR,SOV,USD,9/26/2016,Senior Unsecured,7,Semiannually,0.402739726,3.754090091,102.306,N,Baa3,NR,USD-TRGV-SEN,0.402464066,0.391612279,0,FALSE,FALSE,3.754090091,0.675574365,1,0.037350437,2.536167028,0.608374975,-0.354261842
157,5/2/2016,US900123CG37,0.032423155,100081885,TRGV,SOVRN,SV,SOVR,SOV,USD,2/17/2045,Unsecured,6.625,Semiannually,13.81803812,2.815567568,118.042,N,Baa3,N/A,USD-TRGV-SEN,28.79671458,2.176287722,0,FALSE,FALSE,2.815567568,0.675574365,1,1.822025881,1.902125271,0.608374975,-0.354261842
158,5/2/2016,USY6972CAJ63,0.003195253,100066750,PHGV,SOVRN,SV,SOVR,SOV,USD,10/7/2016,Senior Unsecured,8.75,Semiannually,0.432876712,0.784869492,103.25,N,Baa2,BBB,USD-PHGV-SEN,0.432580424,0.319525297,0,FALSE,FALSE,0.784869492,0.33345244,1,0.912350406,0.261716648,0.547186181,0.592825109
159,5/2/2016,US718286AC16,0.005977328,100066750,PHGV,SOVRN,SV,SOVR,SOV,USD,10/7/2016,Senior Unsecured,8.75,Semiannually,0.432876712,0.784869492,103.125,N,Baa2,BBB,USD-PHGV-SEN,0.432580424,0.597732794,0,FALSE,FALSE,0.784869492,0.33345244,1,1.190557903,0.261716648,0.547186181,0.592825109
160,5/2/2016,US718286BG11,0.012956181,100066750,PHGV,SOVRN,SV,SOVR,SOV,USD,10/23/2034,Senior Unsecured,6.375,Semiannually,12.19076046,4.426282446,142.25,N,Baa2,BBB,USD-PHGV-SEN,18.47501711,1.258987859,0,FALSE,FALSE,4.426282446,0.33345244,1,1.851812968,1.475954684,0.547186181,0.592825109
161,5/2/2016,US718286BN61,0.009320899,100066750,PHGV,SOVRN,SV,SOVR,SOV,USD,3/30/2026,Senior Unsecured,5.5,Semiannually,7.973498397,2.150299632,125.125,N,Baa2,BBB,USD-PHGV-SEN,9.908281999,0.93208992,0,FALSE,FALSE,2.150299632,0.33345244,1,1.52491503,0.71702266,0.547186181,0.592825109
162,5/2/2016,US718286BC07,0.011667911,100066750,PHGV,SOVRN,SV,SOVR,SOV,USD,9/25/2024,Senior Unsecured,7.5,Semiannually,6.007623322,1.084160571,133.375,N,Baa2,BBB,USD-PHGV-SEN,8.399726215,1.154257337,0,FALSE,FALSE,1.084160571,0.33345244,1,1.747082446,0.361515988,0.547186181,0.592825109
163,5/2/2016,US718286BD89,0.012124128,100066750,PHGV,SOVRN,SV,SOVR,SOV,USD,1/15/2032,Senior Unsecured,6.375,Semiannually,10.82484419,2.143848228,139.75,N,Baa2,BBB,USD-PHGV-SEN,15.70431212,1.192612414,0,FALSE,FALSE,2.143848228,0.33345244,1,1.785437523,0.714871424,0.547186181,0.592825109
164,5/2/2016,US718286BE62,0.004649834,100066750,PHGV,SOVRN,SV,SOVR,SOV,USD,6/17/2019,Senior Unsecured,8.375,Semiannually,2.775665107,2.323781766,120.875,N,Baa2,BBB,USD-PHGV-SEN,3.123887748,0.464983391,0,FALSE,FALSE,2.323781766,0.33345244,1,1.057808501,0.774870701,0.547186181,0.592825109
165,5/2/2016,US718286BF38,0.004823443,100066750,PHGV,SOVRN,SV,SOVR,SOV,USD,1/20/2020,Senior Unsecured,6.5,Semiannually,3.344967232,1.520994002,117.625,N,Baa2,BBB,USD-PHGV-SEN,3.718001369,0.482344281,0,FALSE,FALSE,1.520994002,0.33345244,1,1.07516939,0.507179162,0.547186181,0.592825109
166,5/2/2016,US718286AQ02,0.006481434,100066750,PHGV,SOVRN,SV,SOVR,SOV,USD,1/18/2017,Senior Unsecured,9.375,Semiannually,0.693250171,0.980923093,105.375,N,Baa2,BBB,USD-PHGV-SEN,0.714579055,0.648143354,0,FALSE,FALSE,0.980923093,0.33345244,1,1.240968463,0.327091199,0.547186181,0.592825109
167,5/2/2016,US718286AP29,0.010167473,100066750,PHGV,SOVRN,SV,SOVR,SOV,USD,3/16/2025,Senior Unsecured,10.625,Semiannually,6.556683951,3.064998699,163.375,N,Baa2,BBB,USD-PHGV-SEN,8.87063655,1.016608627,0,FALSE,FALSE,3.064998699,0.33345244,1,1.609433736,1.022031296,0.547186181,0.592825109
168,5/2/2016,US718286AL15,0.011726122,100066750,PHGV,SOVRN,SV,SOVR,SOV,USD,10/21/2024,Senior Unsecured,9.5,Semiannually,6.469218229,0.652828759,150.875,N,Baa2,BBB,USD-PHGV-SEN,8.470910335,1.15923393,0,FALSE,FALSE,0.652828759,0.33345244,1,1.752059039,0.217687343,0.547186181,0.592825109
169,5/2/2016,US718286AK32,0.004915449,100066750,PHGV,SOVRN,SV,SOVR,SOV,USD,1/15/2019,Senior Unsecured,9.875,Semiannually,2.413305313,1.616135784,122.125,N,Baa2,BBB,USD-PHGV-SEN,2.704996578,0.49154489,0,FALSE,FALSE,1.616135784,0.33345244,1,1.084369999,0.538904421,0.547186181,0.592825109
170,5/2/2016,US718286AY36,0.012951522,100066750,PHGV,SOVRN,SV,SOVR,SOV,USD,2/2/2030,Senior Unsecured,9.5,Semiannually,9.151875313,3.754090091,170.75,N,Baa2,BBB,USD-PHGV-SEN,13.75496235,1.258628254,0,FALSE,FALSE,3.754090091,0.33345244,1,1.851453363,1.251810502,0.547186181,0.592825109
171,5/2/2016,US718286BK23,0.006247677,100066750,PHGV,SOVRN,SV,SOVR,SOV,USD,1/15/2021,Senior Unsecured,4,Semiannually,4.311438304,3.29719668,109.625,N,Baa2,BBB,USD-PHGV-SEN,4.706365503,0.624767746,0,FALSE,FALSE,3.29719668,0.33345244,1,1.217592855,1.099458279,0.547186181,0.592825109
172,5/2/2016,US718286BB24,0.012327033,100066750,PHGV,SOVRN,SV,SOVR,SOV,USD,1/14/2031,Senior Unsecured,7.75,Semiannually,9.953374293,3.960959226,154.25,N,Baa2,BBB,USD-PHGV-SEN,14.70225873,1.209209566,0,FALSE,FALSE,3.960959226,0.33345244,1,1.802034675,1.32079152,0.547186181,0.592825109
174,5/2/2016,US718286BY27,0.007890441,100066750,PHGV,SOVRN,SV,SOVR,SOV,USD,1/21/2024,Senior Unsecured,4.2,Semiannually,6.670702181,2.815567568,113.25,N,Baa2,BBB,USD-PHGV-SEN,7.72073922,0.7890441,0,FALSE,FALSE,2.815567568,0.33345244,1,1.381869209,0.938857877,0.547186181,0.592825109
175,5/2/2016,US718286BZ91,0.012088434,100066750,PHGV,SOVRN,SV,SOVR,SOV,USD,1/20/2040,Senior Unsecured,3.95,Semiannually,15.5653947,3.754090091,110,N,Baa2,BBB,USD-PHGV-SEN,23.71800137,1.189664044,0,FALSE,FALSE,3.754090091,0.33345244,1,1.782489153,1.251810502,0.547186181,0.592825109
176,5/2/2016,US718286CA32,0.011978275,100066750,PHGV,SOVRN,SV,SOVR,SOV,USD,3/1/2041,Senior Unsecured,3.7,Semiannually,16.27982824,3.754090091,106,N,Baa2,BBB,USD-PHGV-SEN,24.82956879,1.180509522,0,FALSE,FALSE,3.754090091,0.33345244,1,1.773334631,1.251810502,0.547186181,0.592825109
178,5/2/2016,US226775AD66,0.029799725,100058379,HRGV,SOVRN,SV,SOVR,SOV,USD,3/24/2021,Senior Unsecured,6.375,Semiannually,4.285098506,2.815567568,109.275,N,Ba2,BB,USD-HRGV-SEN,4.892539357,2.091914087,0,FALSE,FALSE,2.815567568,0.288282606,1,1.461025441,0.811679155,0.477693891,-0.630888646
179,5/2/2016,US226775AE40,0.012722178,100058379,HRGV,SOVRN,SV,SOVR,SOV,USD,4/27/2017,Senior Unsecured,6.25,Semiannually,0.971448024,2.815567568,103.625,N,Ba2,BB,USD-HRGV-SEN,0.985626283,1.240761705,0,FALSE,FALSE,2.815567568,0.288282606,1,0.609873059,0.811679155,0.477693891,-0.630888646
180,5/2/2016,US226775AF15,0.030352213,100058379,HRGV,SOVRN,SV,SOVR,SOV,USD,4/4/2023,Unsecured,5.5,Semiannually,5.854629264,2.815567568,105.775,N,Ba2,BB,USD-HRGV-SEN,6.92128679,2.110284353,0,FALSE,FALSE,2.815567568,0.288282606,1,1.479395707,0.811679155,0.477693891,-0.630888646
181,5/2/2016,US226775AG97,0.029801281,100058379,HRGV,SOVRN,SV,SOVR,SOV,USD,1/26/2024,Unsecured,6,Semiannually,6.273460928,3.28482883,109.5,N,Ba2,BB,USD-HRGV-SEN,7.734428474,2.091966282,0,FALSE,FALSE,3.28482883,0.288282606,1,1.461077637,0.946959014,0.477693891,-0.630888646
182,5/2/2016,XS0776179656,0.012722178,100058379,HRGV,SOVRN,SV,SOVR,SOV,USD,4/27/2017,Senior Unsecured,6.25,Semiannually,0.971448024,2.815567568,103.625,N,Ba2,BB,USD-HRGV-SEN,0.985626283,1.240761705,0,FALSE,FALSE,2.815567568,0.288282606,1,0.609873059,0.811679155,0.477693891,-0.630888646
183,5/2/2016,XS0607904264,0.029795708,100058379,HRGV,SOVRN,SV,SOVR,SOV,USD,3/24/2021,Senior Unsecured,6.375,Semiannually,4.285606125,2.815567568,109.275,N,Ba2,BB,USD-HRGV-SEN,4.892539357,2.091779248,0,FALSE,FALSE,2.815567568,0.288282606,1,1.460890602,0.811679155,0.477693891,-0.630888646
184,5/2/2016,US226775AC83,0.029370003,100058379,HRGV,SOVRN,SV,SOVR,SOV,USD,7/14/2020,Unsecured,6.625,Semiannually,3.694349122,2.346306307,109.486,N,Ba2,BB,USD-HRGV-SEN,4.199863107,2.077388741,0,FALSE,FALSE,2.346306307,0.288282606,1,1.446500096,0.676399295,0.477693891,-0.630888646
185,5/2/2016,XS0464257152,0.026709128,100058379,HRGV,SOVRN,SV,SOVR,SOV,USD,11/5/2019,Senior Unsecured,6.75,Semiannually,3.10830354,2.815567568,109.625,N,Ba2,BB,USD-HRGV-SEN,3.509924709,1.982420273,0,FALSE,FALSE,2.815567568,0.288282606,1,1.351531627,0.811679155,0.477693891,-0.630888646
186,5/2/2016,XS0908769887,0.030350306,100058379,HRGV,SOVRN,SV,SOVR,SOV,USD,4/4/2023,Senior Unsecured,5.5,Semiannually,5.854891525,2.815567568,105.775,N,Ba2,BB,USD-HRGV-SEN,6.92128679,2.110221507,0,FALSE,FALSE,2.815567568,0.288282606,1,1.479332861,0.811679155,0.477693891,-0.630888646
187,5/2/2016,XS0997000251,0.029799449,100058379,HRGV,SOVRN,SV,SOVR,SOV,USD,1/26/2024,Unsecured,6,Semiannually,6.273763367,3.28482883,109.5,N,Ba2,BB,USD-HRGV-SEN,7.734428474,2.091904803,0,FALSE,FALSE,3.28482883,0.288282606,1,1.461016157,0.946959014,0.477693891,-0.630888646
188,5/2/2016,XS0525827845,0.029363235,100058379,HRGV,SOVRN,SV,SOVR,SOV,USD,7/14/2020,Senior Unsecured,6.625,Semiannually,3.695019058,2.346306307,109.486,N,Ba2,BB,USD-HRGV-SEN,4.199863107,2.077158277,0,FALSE,FALSE,2.346306307,0.288282606,1,1.446269631,0.676399295,0.477693891,-0.630888646
189,5/2/2016,US836205AM61,0.023335244,100066524,ZAGV,SOVRN,SV,SOVR,SOV,USD,5/27/2019,Senior Unsecured,6.875,Semiannually,2.761018096,3.754090091,110.05,N,Baa2,BBB-,USD-ZAGV-SEN,3.066392882,1.847379759,0,FALSE,FALSE,3.754090091,0.402258983,1,1.30755485,1.510116461,0.455817457,-0.539824909
190,5/2/2016,US836205AT15,0.031852213,100066524,ZAGV,SOVRN,SV,SOVR,SOV,USD,4/14/2026,Senior Unsecured,4.875,Semiannually,7.960239857,2.346306307,99.75,N,Baa2,N/A,USD-ZAGV-SEN,9.94934976,2.158521776,0,FALSE,FALSE,2.346306307,0.402258983,1,1.618696868,0.943822788,0.455817457,-0.539824909
191,5/2/2016,US836205AR58,0.03140551,100066524,ZAGV,SOVRN,SV,SOVR,SOV,USD,9/16/2025,Unsecured,5.875,Semiannually,7.360605342,3.754090091,107.925,N,Baa2,BBB-,USD-ZAGV-SEN,9.374401095,2.14439825,0,FALSE,FALSE,3.754090091,0.402258983,1,1.604573341,1.510116461,0.455817457,-0.539824909
192,5/2/2016,US836205AQ75,0.030462663,100066524,ZAGV,SOVRN,SV,SOVR,SOV,USD,1/17/2024,Senior Unsecured,4.665,Semiannually,6.471477587,2.815567568,100.375,N,Baa2,BBB-,USD-ZAGV-SEN,7.709787817,2.113916666,0,FALSE,FALSE,2.815567568,0.402258983,1,1.574091757,1.132587346,0.455817457,-0.539824909
193,5/2/2016,US836205AS32,0.033432915,100066524,ZAGV,SOVRN,SV,SOVR,SOV,USD,7/24/2044,Unsecured,5.375,Semiannually,14.30401201,1.877045046,98.25,N,Baa2,BBB-,USD-ZAGV-SEN,28.22724162,2.206955806,0,FALSE,FALSE,1.877045046,0.402258983,1,1.667130897,0.75505823,0.455817457,-0.539824909
194,5/2/2016,US836205AP92,0.034216861,100066524,ZAGV,SOVRN,SV,SOVR,SOV,USD,3/8/2041,Senior Unsecured,6.25,Semiannually,13.18881754,1.407783784,109.563,N,Baa2,BBB-,USD-ZAGV-SEN,24.84873374,2.230133453,0,FALSE,FALSE,1.407783784,0.402258983,1,1.690308545,0.566293673,0.455817457,-0.539824909
195,5/2/2016,US836205AD62,0.00642009,100066524,ZAGV,SOVRN,SV,SOVR,SOV,USD,6/23/2017,Senior Unsecured,8.5,Semiannually,1.085140635,0.264068328,107.5,N,Baa2,BBB-,USD-ZAGV-SEN,1.141683778,0.642009,0,FALSE,FALSE,0.264068328,0.402258983,1,0.102184091,0.106223857,0.455817457,-0.539824909
196,5/2/2016,US836205AL88,0.026942555,100066524,ZAGV,SOVRN,SV,SOVR,SOV,USD,5/30/2022,Senior Unsecured,5.875,Semiannually,5.12622741,1.877045046,109.513,N,Baa2,BBB-,USD-ZAGV-SEN,6.075290897,1.991121904,0,FALSE,FALSE,1.877045046,0.402258983,1,1.451296996,0.75505823,0.455817457,-0.539824909
197,5/2/2016,US836205AN45,0.025592204,100066524,ZAGV,SOVRN,SV,SOVR,SOV,USD,3/9/2020,Senior Unsecured,5.5,Semiannually,3.511757068,3.754090091,106.338,N,Baa2,BBB-,USD-ZAGV-SEN,3.852156057,1.939702668,0,FALSE,FALSE,3.754090091,0.402258983,1,1.39987776,1.510116461,0.455817457,-0.539824909
198,5/2/2016,UYBT06FFBUS0,0.006918746,100066797,UYGV,SOVRN,SV,SOVR,SOV,USD,3/23/2019,Unsecured,7.5,Semiannually,2.658975886,0.355675635,,Y,N/A,N/A,USD-UYGV-SEN,2.88843258,0.69187464,0,FALSE,FALSE,0.355675635,0.862675531,1,0.474459544,0.306832667,0.434800109,-0.217415096
199,5/2/2016,US917288BA96,0.033068429,100066797,UYGV,SOVRN,SV,SOVR,SOV,USD,1/15/2033,Senior Unsecured,7.875,Semiannually,10.12213392,1.577840413,131,N,Baa2,BBB,USD-UYGV-SEN,16.7063655,2.195993918,0,FALSE,FALSE,1.577840413,0.862675531,1,1.978578822,1.361164315,0.434800109,-0.217415096
200,5/2/2016,US917288BC52,0.016880888,100066797,UYGV,SOVRN,SV,SOVR,SOV,USD,11/18/2022,Senior Unsecured,8,Semiannually,4.644234588,1.058097686,125.626,N,Baa2,BBB,USD-UYGV-SEN,6.546201232,1.52359702,0,FALSE,FALSE,1.058097686,0.862675531,1,1.306181924,0.912794983,0.434800109,-0.217415096
201,5/2/2016,US760942BB71,0.022996641,100066797,UYGV,SOVRN,SV,SOVR,SOV,USD,10/27/2027,Senior Unsecured,4.375,Semiannually,8.628062208,3.190976577,102.75,N,Baa2,BBB,USD-UYGV-SEN,11.48528405,1.832763082,0,FALSE,FALSE,3.190976577,0.862675531,1,1.615347986,2.752777412,0.434800109,-0.217415096
202,5/2/2016,UYBT09FEFUS8,0.012890849,100066797,UYGV,SOVRN,SV,SOVR,SOV,USD,7/21/2019,Unsecured,7.05,Semiannually,2.911126986,0.21377666,,Y,N/A,N/A,USD-UYGV-SEN,3.216974675,1.253932549,0,FALSE,FALSE,0.21377666,0.862675531,1,1.036517454,0.184419894,0.434800109,-0.217415096
203,5/2/2016,UYBT05FFBUS2,0.007301047,100066797,UYGV,SOVRN,SV,SOVR,SOV,USD,2/28/2020,Unsecured,9.75,Semiannually,3.315158968,0.022408164,129,N,N/A,N/A,USD-UYGV-SEN,3.82477755,0.730104692,0,FALSE,FALSE,0.022408164,0.862675531,1,0.512689596,0.019330975,0.434800109,-0.217415096
204,5/2/2016,UYBT06FEBUS3,0.007819184,100066797,UYGV,SOVRN,SV,SOVR,SOV,USD,3/23/2019,Unsecured,7.5,Semiannually,2.658633189,0.170851739,115.97,N,NR,NR,USD-UYGV-SEN,2.88843258,0.781918381,0,FALSE,FALSE,0.170851739,0.862675531,1,0.564503285,0.147389614,0.434800109,-0.217415096
205,5/2/2016,US760942AX01,0.022259776,100066797,UYGV,SOVRN,SV,SOVR,SOV,USD,9/28/2025,Senior Unsecured,6.875,Semiannually,6.666883545,0.329176676,121.855,N,Baa2,BBB,USD-UYGV-SEN,9.407255305,1.800196196,0,FALSE,FALSE,0.329176676,0.862675531,1,1.5827811,0.283972664,0.434800109,-0.217415096
206,5/2/2016,UYBT05FEBUS5,0.018335129,100066797,UYGV,SOVRN,SV,SOVR,SOV,USD,2/28/2020,Unsecured,9.75,Semiannually,3.303720721,0.018704754,124.31,N,NR,NR,USD-UYGV-SEN,3.82477755,1.606233742,0,FALSE,FALSE,0.018704754,0.862675531,1,1.388818646,0.016136133,0.434800109,-0.217415096
207,5/2/2016,UYBT04FFBUS5,0.013376571,100066797,UYGV,SOVRN,SV,SOVR,SOV,USD,2/25/2018,Unsecured,8,Semiannually,1.715321793,0.063108131,,Y,N/A,N/A,USD-UYGV-SEN,1.817932923,1.290919644,0,FALSE,FALSE,0.063108131,0.862675531,1,1.073504548,0.054441841,0.434800109,-0.217415096
208,5/2/2016,UYBT04FEBUS8,0.020976603,100066797,UYGV,SOVRN,SV,SOVR,SOV,USD,2/25/2018,Unsecured,8,Semiannually,1.71445424,0.013116791,108.57,N,NR,NR,USD-UYGV-SEN,1.817932923,1.740822586,0,FALSE,FALSE,0.013116791,0.862675531,1,1.52340749,0.011315534,0.434800109,-0.217415096
209,5/2/2016,US760942BA98,0.033343294,100066797,UYGV,SOVRN,SV,SOVR,SOV,USD,6/18/2050,Senior Unsecured,5.1,Semiannually,14.8457995,6.006544146,93.75,N,Baa2,BBB,USD-UYGV-SEN,34.12731006,2.204271584,0,FALSE,FALSE,6.006544146,0.862675531,1,1.986856488,5.181698658,0.434800109,-0.217415096
210,5/2/2016,US760942AZ58,0.02048441,100066797,UYGV,SOVRN,SV,SOVR,SOV,USD,8/14/2024,Senior Unsecured,4.5,Semiannually,6.249922519,2.885085908,105.9962,N,Baa2,BBB,USD-UYGV-SEN,8.284736482,1.717079028,0,FALSE,FALSE,2.885085908,0.862675531,1,1.499663932,2.488893017,0.434800109,-0.217415096
211,5/2/2016,US760942AY83,0.02871656,100066797,UYGV,SOVRN,SV,SOVR,SOV,USD,11/20/2045,Senior Unsecured,4.125,Semiannually,15.30346137,1.372787068,86,N,Baa2,BBB,USD-UYGV-SEN,29.5523614,2.054888871,0,FALSE,FALSE,1.372787068,0.862675531,1,1.837473775,1.184269812,0.434800109,-0.217415096
212,5/2/2016,US760942AR33,0.002075269,100066797,UYGV,SOVRN,SV,SOVR,SOV,USD,5/17/2017,Senior Unsecured,9.25,Semiannually,0.979650911,0.094497956,108.065,N,Baa2,N/A,USD-UYGV-SEN,1.040383299,0.207526935,0,FALSE,FALSE,0.094497956,0.862675531,1,-0.009888161,0.081521074,0.434800109,-0.217415096
213,5/2/2016,US760942AS16,0.031180231,100066797,UYGV,SOVRN,SV,SOVR,SOV,USD,3/21/2036,Senior Unsecured,7.625,Semiannually,11.1057691,1.983354889,129.875,N,Baa2,BBB,USD-UYGV-SEN,19.88501027,2.137199167,0,FALSE,FALSE,1.983354889,0.862675531,1,1.919784072,1.710991731,0.434800109,-0.217415096
214,5/2/2016,US760942AE20,0.031086866,100066797,UYGV,SOVRN,SV,SOVR,SOV,USD,7/15/2027,Unsecured,7.875,Semiannually,7.874088231,0.043416052,125.733,N,Baa2,BBB,USD-UYGV-SEN,11.20054757,2.134200332,0,FALSE,FALSE,0.043416052,0.862675531,1,1.916785237,0.037453966,0.434800109,-0.217415096
215,5/2/2016,US168863BN78,0.008913778,100036969,CLGV,SOVRN,SV,SOVR,SOV,USD,10/30/2022,Senior Unsecured,2.25,Semiannually,6.07517607,1.190269927,99.5816,N,Aa3,AA-,USD-CLGV-SEN,6.494182067,0.891377807,0,FALSE,FALSE,1.190269927,0.310796932,1,1.502898019,0.369932241,0.20834048,0.611520213
216,5/2/2016,US168863CA49,0.011192798,100036969,CLGV,SOVRN,SV,SOVR,SOV,USD,1/21/2026,Senior Unsecured,3.125,Semiannually,8.391499247,2.532362766,102.6497,N,Aa3,AA-,USD-CLGV-SEN,9.722108145,1.11268547,0,FALSE,FALSE,2.532362766,0.310796932,1,1.724205683,0.787050578,0.20834048,0.611520213
217,5/2/2016,US168863BW77,0.008761817,100036969,CLGV,SOVRN,SV,SOVR,SOV,USD,3/27/2025,Senior Unsecured,3.125,Semiannually,7.834600776,1.401516331,104.9125,N,Aa3,AA-,USD-CLGV-SEN,8.900752909,0.876181696,0,FALSE,FALSE,1.401516331,0.310796932,1,1.487701909,0.435586975,0.20834048,0.611520213
218,5/2/2016,US168863BP27,0.016349034,100036969,CLGV,SOVRN,SV,SOVR,SOV,USD,10/30/2042,Senior Unsecured,3.625,Semiannually,16.68240765,1.407783784,97.1229,N,Aa3,AA-,USD-CLGV-SEN,26.49418207,1.491583749,0,FALSE,FALSE,1.407783784,0.310796932,1,2.103103961,0.437534881,0.20834048,0.611520213
219,5/2/2016,US168863AW86,0.008170306,100036969,CLGV,SOVRN,SV,SOVR,SOV,USD,9/14/2021,Senior Unsecured,3.25,Semiannually,4.963457662,1.053405188,105.6943,N,Aa3,AA-,USD-CLGV-SEN,5.368925394,0.817030567,0,FALSE,FALSE,1.053405188,0.310796932,1,1.428550779,0.3273951,0.20834048,0.611520213
220,5/2/2016,US168863AV04,0.006929156,100036969,CLGV,SOVRN,SV,SOVR,SOV,USD,8/5/2020,Senior Unsecured,3.875,Semiannually,3.949867029,1.388720515,108.1533,N,Aa3,AA-,USD-CLGV-SEN,4.260095825,0.692915633,0,FALSE,FALSE,1.388720515,0.310796932,1,1.304435845,0.431610075,0.20834048,0.611520213
221,5/2/2016,US105756AR10,0.038127951,100086834,BRGV,SOVRN,SV,SOVR,SOV,USD,4/15/2024,Senior Unsecured,8.875,Semiannually,6.06230424,2.147983359,122.375,N,Ba2,BB,USD-BRGV-SEN,7.953456537,2.338362549,0,FALSE,FALSE,2.147983359,0.267072036,1,1.688381169,0.573666288,0.206215901,-0.649981381
222,5/2/2016,US105756BK57,0.046859223,100086834,BRGV,SOVRN,SV,SOVR,SOV,USD,1/20/2037,Senior Unsecured,7.125,Semiannually,11.06192602,3.997304449,104,N,Ba2,BB,USD-BRGV-SEN,20.72005476,2.544562769,0,FALSE,FALSE,3.997304449,0.267072036,1,1.894581388,1.067568236,0.206215901,-0.649981381
223,5/2/2016,US105756BF62,0.039146554,100086834,BRGV,SOVRN,SV,SOVR,SOV,USD,2/4/2025,Senior Unsecured,8.75,Semiannually,6.431356506,1.81900869,122,N,Ba2,BB,USD-BRGV-SEN,8.761122519,2.364727315,0,FALSE,FALSE,1.81900869,0.267072036,1,1.714745934,0.485806353,0.206215901,-0.649981381
224,5/2/2016,US105756BE97,0.018289934,100086834,BRGV,SOVRN,SV,SOVR,SOV,USD,10/14/2019,Senior Unsecured,8.875,Semiannually,3.078870153,1.4919655,119.375,N,Ba2,BB,USD-BRGV-SEN,3.449691992,1.603765735,0,FALSE,FALSE,1.4919655,0.267072036,1,0.953784354,0.398462263,0.206215901,-0.649981381
225,5/2/2016,US105756BB58,0.047931127,100086834,BRGV,SOVRN,SV,SOVR,SOV,USD,1/20/2034,Senior Unsecured,8.25,Semiannually,9.913751245,3.174963506,114.75,N,Ba2,BB,USD-BRGV-SEN,17.71937029,2.567180042,0,FALSE,FALSE,3.174963506,0.267072036,1,1.917198661,0.847943966,0.206215901,-0.649981381
226,5/2/2016,US105756AZ36,0.038127951,100086834,BRGV,SOVRN,SV,SOVR,SOV,USD,4/15/2024,Senior Unsecured,8.875,Semiannually,6.06230424,0.173226856,122.375,N,Ba2,BB,USD-BRGV-SEN,7.953456537,2.338362549,0,FALSE,FALSE,0.173226856,0.267072036,1,1.688381169,0.046264049,0.206215901,-0.649981381
227,5/2/2016,US105756BQ28,0.014938544,100086834,BRGV,SOVRN,SV,SOVR,SOV,USD,1/15/2019,Senior Unsecured,5.875,Semiannually,2.511444806,3.657801434,108.75,N,Ba2,BB,USD-BRGV-SEN,2.704996578,1.401359614,0,FALSE,FALSE,3.657801434,0.267072036,1,0.751378233,0.976896475,0.206215901,-0.649981381
228,5/2/2016,US105756AL40,0.040858284,100086834,BRGV,SOVRN,SV,SOVR,SOV,USD,3/6/2030,Senior Unsecured,12.25,Semiannually,8.246107125,0.81085155,159,N,Ba2,BB,USD-BRGV-SEN,13.84257358,2.407524498,0,FALSE,FALSE,0.81085155,0.267072036,1,1.757543118,0.216555774,0.206215901,-0.649981381
229,5/2/2016,US105756AK66,0.02968342,100086834,BRGV,SOVRN,SV,SOVR,SOV,USD,1/15/2020,Senior Unsecured,12.75,Semiannually,3.066596793,0.438956369,129.375,N,Ba2,BB,USD-BRGV-SEN,3.704312115,2.088003535,0,FALSE,FALSE,0.438956369,0.267072036,1,1.438022154,0.117232971,0.206215901,-0.649981381
230,5/2/2016,US105756AE07,0.037466555,100086834,BRGV,SOVRN,SV,SOVR,SOV,USD,5/15/2027,Unsecured,10.125,Semiannually,7.268867684,2.507368034,138,N,Ba2,BB,USD-BRGV-SEN,11.03353867,2.320863587,0,FALSE,FALSE,2.507368034,0.267072036,1,1.670882206,0.669647885,0.206215901,-0.649981381
231,5/2/2016,US105756BM14,0.010041414,100086834,BRGV,SOVRN,SV,SOVR,SOV,USD,1/17/2017,Senior Unsecured,6,Semiannually,0.697912684,4.274217396,102.75,N,Ba2,BB,USD-BRGV-SEN,0.711841205,1.004132889,0,FALSE,FALSE,4.274217396,0.267072036,1,0.354151509,1.14152394,0.206215901,-0.649981381
232,5/2/2016,US105756BR01,0.045063808,100086834,BRGV,SOVRN,SV,SOVR,SOV,USD,1/7/2041,Senior Unsecured,5.625,Semiannually,12.58542904,4.699953737,87.75,N,Ba2,BB,USD-BRGV-SEN,24.6844627,2.505494353,0,FALSE,FALSE,4.699953737,0.267072036,1,1.855512972,1.255226212,0.206215901,-0.649981381
233,5/2/2016,US105756BU30,0.035122592,100086834,BRGV,SOVRN,SV,SOVR,SOV,USD,1/5/2023,Senior Unsecured,2.625,Semiannually,6.061452392,4.035646848,86.625,N,Ba2,BB,USD-BRGV-SEN,6.67761807,2.25625948,0,FALSE,FALSE,4.035646848,0.267072036,1,1.606278099,1.077808419,0.206215901,-0.649981381
234,5/2/2016,US105756BV13,0.036101307,100086834,BRGV,SOVRN,SV,SOVR,SOV,USD,1/7/2025,Senior Unsecured,4.25,Semiannually,7.180508634,8.071293696,93,N,Ba2,BB,USD-BRGV-SEN,8.684462697,2.283743971,0,FALSE,FALSE,8.071293696,0.267072036,1,1.63376259,2.155616837,0.206215901,-0.649981381
235,5/2/2016,US105756BS83,0.031876443,100086834,BRGV,SOVRN,SV,SOVR,SOV,USD,1/22/2021,Senior Unsecured,4.875,Semiannually,4.22858003,5.607672074,101.75,N,Ba2,BB,USD-BRGV-SEN,4.725530459,2.159282166,0,FALSE,FALSE,5.607672074,0.267072036,1,1.509300786,1.497652395,0.206215901,-0.649981381
236,5/2/2016,US105756BX78,0.039082308,100086834,BRGV,SOVRN,SV,SOVR,SOV,USD,4/7/2026,Senior Unsecured,6,Semiannually,7.591274372,2.815567568,102.75,N,,,USD-BRGV-SEN,9.930184805,2.363084791,0,FALSE,FALSE,2.815567568,0.267072036,1,1.71310341,0.751959362,0.206215901,-0.649981381
237,5/2/2016,US105756BW95,0.043381046,100086834,BRGV,SOVRN,SV,SOVR,SOV,USD,1/27/2045,Senior Unsecured,5,Semiannually,13.78000381,6.663509912,80.5,N,Ba2,BB,USD-BRGV-SEN,28.73921971,2.467437514,0,FALSE,FALSE,6.663509912,0.267072036,1,1.817456133,1.779637156,0.206215901,-0.649981381
238,5/2/2016,US470160AU62,0.058133907,100061654,JMGV,SOVRN,SV,SOVR,SOV,USD,2/28/2036,Unsecured,8.5,Semiannually,10.01251655,0.469261261,106.125,N,Caa2,B,USD-JMGV-SEN,19.82477755,2.760163998,0,FALSE,FALSE,0.469261261,0.109966364,1,1.919672573,0.051602955,0.070437643,-0.840491425
239,5/2/2016,US470160AT99,0.048352574,100061654,JMGV,SOVRN,SV,SOVR,SOV,USD,10/17/2025,Unsecured,9.25,Semiannually,6.732849344,0.469261261,119,N,Caa2,B,USD-JMGV-SEN,9.45927447,2.575934367,0,FALSE,FALSE,0.469261261,0.109966364,1,1.735442942,0.051602955,0.070437643,-0.840491425
240,5/2/2016,US470160CA80,0.046328532,100061654,JMGV,SOVRN,SV,SOVR,SOV,USD,4/28/2028,Unsecured,6.75,Semiannually,7.9375837,2.534010811,102.5,N,Caa2,B,USD-JMGV-SEN,11.9890486,2.533172928,0,FALSE,FALSE,2.534010811,0.109966364,1,1.692681502,0.278655957,0.070437643,-0.840491425
241,5/2/2016,US470160BQ42,0.044446729,100061654,JMGV,SOVRN,SV,SOVR,SOV,USD,7/9/2025,Senior Unsecured,7.625,Semiannually,6.186262042,1.501636036,110,N,Caa2,B,USD-JMGV-SEN,9.185489391,2.491706282,0,FALSE,FALSE,1.501636036,0.109966364,1,1.651214856,0.165129456,0.070437643,-0.840491425
242,5/2/2016,US470160AW29,0.025721029,100061654,JMGV,SOVRN,SV,SOVR,SOV,USD,6/24/2019,Senior Unsecured,8,Semiannually,1.970351975,1.407783784,108.875,N,Caa2,B,USD-JMGV-SEN,3.143052704,1.944723822,0,FALSE,FALSE,1.407783784,0.109966364,1,1.104232397,0.154808865,0.070437643,-0.840491425
243,5/2/2016,US470160AV46,0.050936853,100061654,JMGV,SOVRN,SV,SOVR,SOV,USD,3/15/2039,Senior Unsecured,8,Semiannually,10.96679181,0.938522523,109,N,Caa2,B,USD-JMGV-SEN,22.86652977,2.628001603,0,FALSE,FALSE,0.938522523,0.109966364,1,1.787510178,0.10320591,0.070437643,-0.840491425
244,5/2/2016,US470160CB63,0.053896344,100061654,JMGV,SOVRN,SV,SOVR,SOV,USD,7/28/2045,Senior Unsecured,7.875,Semiannually,11.83267349,1.22007928,104,N,Caa2,B,USD-JMGV-SEN,29.23750856,2.684477556,0,FALSE,FALSE,1.22007928,0.109966364,1,1.843986131,0.134167683,0.070437643,-0.840491425
246,5/2/2016,US470160AQ50,0.053397354,100061654,JMGV,SOVRN,SV,SOVR,SOV,USD,1/15/2022,Unsecured,11.625,Semiannually,4.352353292,0.469261261,122.75,N,Caa2,B,USD-JMGV-SEN,5.70568104,2.675176103,0,FALSE,FALSE,0.469261261,0.109966364,1,1.834684678,0.051602955,0.070437643,-0.840491425
247,5/2/2016,XS0694096446,0.038142264,100061654,JMGV,SOVRN,SV,SOVR,SOV,USD,6/24/2019,Unsecured,8,Semiannually,2.78742965,0.460814559,108.875,N,N/A,N/A,USD-JMGV-SEN,3.143052704,2.338737861,0,FALSE,FALSE,0.460814559,0.109966364,1,1.498246436,0.050674102,0.070437643,-0.840491425
248,5/2/2016,XS0922623755,0.045807282,100058396,LBGV,SOVRN,SV,SOVR,SOV,USD,4/23/2019,Senior Unsecured,5.5,Semiannually,2.780906383,0.938522523,99.5,N,N/A,B-,USD-LBGV-SEN,2.973305955,2.521857985,0,FALSE,FALSE,0.938522523,0.011818553,1,1.330141948,0.011091978,0.058548998,-1.191716037
249,5/2/2016,XS1313647841,0.050169824,100058396,LBGV,SOVRN,SV,SOVR,SOV,USD,11/4/2024,Senior Unsecured,6.25,Semiannually,6.482567913,1.010726815,97.25,N,NR,B-,USD-LBGV-SEN,8.509240246,2.612828646,0,FALSE,FALSE,1.010726815,0.011818553,1,1.421112609,0.011945328,0.058548998,-1.191716037
250,5/2/2016,XS1313654623,0.05078115,100058396,LBGV,SOVRN,SV,SOVR,SOV,USD,11/2/2035,Senior Unsecured,7.05,Semiannually,10.48458793,1.126227027,99,N,NR,B-,USD-LBGV-SEN,19.50171116,2.624940133,0,FALSE,FALSE,1.126227027,0.011818553,1,1.433224096,0.013310373,0.058548998,-1.191716037
251,5/2/2016,XS1313675974,0.050837771,100058396,LBGV,SOVRN,SV,SOVR,SOV,USD,11/3/2028,Senior Unsecured,6.65,Semiannually,8.331996096,1.676571004,97.375,N,NR,B-,USD-LBGV-SEN,12.5065024,2.62605451,0,FALSE,FALSE,1.676571004,0.011818553,1,1.434338473,0.019814643,0.058548998,-1.191716037
252,5/2/2016,XS1396347566,0.050113687,100058396,LBGV,SOVRN,SV,SOVR,SOV,USD,4/22/2024,Senior Unsecured,6.65,Semiannually,6.296761141,1.313931532,100.125,N,,B-,USD-LBGV-SEN,7.972621492,2.611709075,0,FALSE,FALSE,1.313931532,0.011818553,1,1.419993038,0.015528769,0.058548998,-1.191716037
253,5/2/2016,XS1196419854,0.049861645,100058396,LBGV,SOVRN,SV,SOVR,SOV,USD,2/26/2030,Senior Unsecured,6.65,Semiannually,9.06744674,2.627863064,97.625,N,NR,B-,USD-LBGV-SEN,13.82067077,2.606666974,0,FALSE,FALSE,2.627863064,0.011818553,1,1.414950937,0.031057538,0.058548998,-1.191716037
254,5/2/2016,XS1196417569,0.049700652,100058396,LBGV,SOVRN,SV,SOVR,SOV,USD,2/26/2025,Senior Unsecured,6.2,Semiannually,6.805096218,1.501636036,97,N,N/A,B-,USD-LBGV-SEN,8.821355236,2.603432964,0,FALSE,FALSE,1.501636036,0.011818553,1,1.411716927,0.017747164,0.058548998,-1.191716037
255,5/2/2016,XS1052421150,0.047531386,100058396,LBGV,SOVRN,SV,SOVR,SOV,USD,4/14/2020,Senior Unsecured,5.8,Semiannually,3.577968953,1.313931532,99.375,N,N/A,N/A,USD-LBGV-SEN,3.950718686,2.558805166,0,FALSE,FALSE,1.313931532,0.011818553,1,1.367089129,0.015528769,0.058548998,-1.191716037
256,5/2/2016,XS0707820659,0.050146734,100058396,LBGV,SOVRN,SV,SOVR,SOV,USD,11/27/2026,Senior Unsecured,6.6,Semiannually,7.52306094,3.003272073,98.5,N,NR,B-,USD-LBGV-SEN,10.57084189,2.612368297,0,FALSE,FALSE,3.003272073,0.011818553,1,1.42065226,0.035494329,0.058548998,-1.191716037
257,5/2/2016,XS0769530238,0.042000237,100058396,LBGV,SOVRN,SV,SOVR,SOV,USD,10/12/2017,Senior Unsecured,5,Semiannually,1.410116529,1.45470991,99.5,N,NR,N/A,USD-LBGV-SEN,1.445585216,2.435090174,0,FALSE,FALSE,1.45470991,0.011818553,1,1.243374137,0.017192566,0.058548998,-1.191716037
258,5/2/2016,XS0944226637,0.050001714,100058396,LBGV,SOVRN,SV,SOVR,SOV,USD,6/19/2020,Senior Unsecured,6.15,Semiannually,3.630564713,1.126227027,99.625,N,NR,B-,USD-LBGV-SEN,4.131416838,2.609472184,0,FALSE,FALSE,1.126227027,0.011818553,1,1.417756147,0.013310373,0.058548998,-1.191716037
259,5/2/2016,XS0655338555,0.047463868,100058396,LBGV,SOVRN,SV,SOVR,SOV,USD,11/2/2016,Senior Unsecured,4.75,Semiannually,0.492357341,0.938522523,99.5,N,B2,B-,USD-LBGV-SEN,0.503764545,2.557383662,0,FALSE,FALSE,0.938522523,0.011818553,1,1.365667625,0.011091978,0.058548998,-1.191716037
260,5/2/2016,XS0471737444,0.049541706,100058396,LBGV,SOVRN,SV,SOVR,SOV,USD,12/3/2024,Senior Unsecured,7,Semiannually,6.436127467,0.469261261,102.5,N,NR,B-,USD-LBGV-SEN,8.588637919,2.600229758,0,FALSE,FALSE,0.469261261,0.011818553,1,1.408513721,0.005545989,0.058548998,-1.191716037
261,5/2/2016,XS0859367194,0.046739403,100058396,LBGV,SOVRN,SV,SOVR,SOV,USD,1/27/2023,Senior Unsecured,6,Semiannually,5.543653728,2.06474955,99,N,NR,B-,USD-LBGV-SEN,6.737850787,2.542002453,0,FALSE,FALSE,2.06474955,0.011818553,1,1.350286416,0.024402351,0.058548998,-1.191716037
262,5/2/2016,XS0859366899,0.04976738,100058396,LBGV,SOVRN,SV,SOVR,SOV,USD,11/29/2027,Senior Unsecured,6.75,Semiannually,7.96281882,1.877045046,99.5,N,NR,N/A,USD-LBGV-SEN,11.57563313,2.604774665,0,FALSE,FALSE,1.877045046,0.011818553,1,1.413058628,0.022183956,0.058548998,-1.191716037
263,5/2/2016,XS0793155911,0.04993331,100058396,LBGV,SOVRN,SV,SOVR,SOV,USD,6/12/2025,Senior Unsecured,6.25,Semiannually,6.865780037,1.501636036,97,N,N/A,B-,USD-LBGV-SEN,9.11156742,2.608103226,0,FALSE,FALSE,1.501636036,0.011818553,1,1.416387189,0.017747164,0.058548998,-1.191716037
264,5/2/2016,XS0793155838,0.043990043,100058396,LBGV,SOVRN,SV,SOVR,SOV,USD,6/12/2018,Senior Unsecured,5.15,Semiannually,1.989506042,1.313931532,99.51,N,N/A,B-,USD-LBGV-SEN,2.110882957,2.481378214,0,FALSE,FALSE,1.313931532,0.011818553,1,1.289662177,0.015528769,0.058548998,-1.191716037
265,5/2/2016,XS0629509943,0.047030519,100058396,LBGV,SOVRN,SV,SOVR,SOV,USD,5/20/2019,Senior Unsecured,6,Semiannually,2.759083555,1.22007928,100.5,N,NR,B-,USD-LBGV-SEN,3.047227926,2.54821164,0,FALSE,FALSE,1.22007928,0.011818553,1,1.356495603,0.014419571,0.058548998,-1.191716037
266,5/2/2016,XS0493540297,0.047914261,100058396,LBGV,SOVRN,SV,SOVR,SOV,USD,3/9/2020,Senior Unsecured,6.375,Semiannually,3.450362984,2.252454055,101.25,N,NR,B-,USD-LBGV-SEN,3.852156057,2.56682809,0,FALSE,FALSE,2.252454055,0.011818553,1,1.375112053,0.026620747,0.058548998,-1.191716037
267,5/2/2016,XS0559237796,0.048100158,100058396,LBGV,SOVRN,SV,SOVR,SOV,USD,10/4/2022,Senior Unsecured,6.1,Semiannually,5.247530822,2.89064937,99,N,NR,B-,USD-LBGV-SEN,6.422997947,2.57070036,0,FALSE,FALSE,2.89064937,0.011818553,1,1.378984323,0.034163292,0.058548998,-1.191716037
268,5/2/2016,XS0250882478,0.047312749,100058396,LBGV,SOVRN,SV,SOVR,SOV,USD,4/12/2021,Senior Unsecured,8.25,Semiannually,4.18211789,3.927658569,109.26,N,N/A,B-,USD-LBGV-SEN,4.944558522,2.554194697,0,FALSE,FALSE,3.927658569,0.011818553,1,1.36247866,0.046419239,0.058548998,-1.191716037
269,5/2/2016,XS0418193917,0.036920778,100058396,LBGV,SOVRN,SV,SOVR,SOV,USD,3/20/2017,Senior Unsecured,9,Semiannually,0.8611178,2.815567568,103.5,N,N/A,N/A,USD-LBGV-SEN,0.881587953,2.306189383,0,FALSE,FALSE,2.815567568,0.011818553,1,1.114473345,0.033275933,0.058548998,-1.191716037
270,5/2/2016,XS0707819727,0.045802928,100058396,LBGV,SOVRN,SV,SOVR,SOV,USD,11/28/2019,Senior Unsecured,5.45,Semiannually,3.222240086,2.815567568,99,N,NR,B-,USD-LBGV-SEN,3.572895277,2.521762921,0,FALSE,FALSE,2.815567568,0.011818553,1,1.330046884,0.033275933,0.058548998,-1.191716037
271,5/2/2016,XS0559237952,0.043032917,100058396,LBGV,SOVRN,SV,SOVR,SOV,USD,11/12/2018,Senior Unsecured,5.15,Semiannually,2.351002083,1.923971172,99.51,N,NR,B-,USD-LBGV-SEN,2.529774127,2.459380246,0,FALSE,FALSE,1.923971172,0.011818553,1,1.267664209,0.022738554,0.058548998,-1.191716037
272,5/2/2016,XS1396347723,0.050050672,100058396,LBGV,SOVRN,SV,SOVR,SOV,USD,4/22/2031,Senior Unsecured,7,Semiannually,9.490436332,0.563113514,100.25,N,,B-,USD-LBGV-SEN,14.9705681,2.610450829,0,FALSE,FALSE,0.563113514,0.011818553,1,1.418734792,0.006655187,0.058548998,-1.191716037
273,5/2/2016,US52238NAL82,0.047312749,100058396,LBGV,SOVRN,SV,SOVR,SOV,USD,4/12/2021,Senior Unsecured,8.25,Semiannually,4.18211789,3.927658569,109.26,N,N/A,B-,USD-LBGV-SEN,4.944558522,2.554194697,0,FALSE,FALSE,3.927658569,0.011818553,1,1.36247866,0.046419239,0.058548998,-1.191716037
274,5/2/2016,XS1056560920,0.056941357,100061788,PKGV,SOVRN,SV,SOVR,SOV,USD,4/15/2024,Senior Unsecured,8.25,Semiannually,6.017745284,1.877045046,105.52,N,B3,B-,USD-PKGV-SEN,7.953456537,2.739436814,0,FALSE,FALSE,1.877045046,0.009226724,1,1.51493349,0.017318977,0.034287207,-1.224503324
275,5/2/2016,XS1299811486,0.055817479,100061788,PKGV,SOVRN,SV,SOVR,SOV,USD,9/30/2025,Senior Unsecured,8.25,Semiannually,6.761422209,0.938522523,106.375,N,B3,N/A,USD-PKGV-SEN,9.412731006,2.719501964,0,FALSE,FALSE,0.938522523,0.009226724,1,1.49499864,0.008659488,0.034287207,-1.224503324
276,5/2/2016,US695847AL74,0.042135521,100061788,PKGV,SOVRN,SV,SOVR,SOV,USD,4/15/2019,Senior Unsecured,7.25,Semiannually,2.710156348,1.877045046,105.25,N,B3,B-,USD-PKGV-SEN,2.951403149,2.438306015,0,FALSE,FALSE,1.877045046,0.009226724,1,1.213802691,0.017318977,0.034287207,-1.224503324
277,5/2/2016,US695847AR45,0.055817479,100061788,PKGV,SOVRN,SV,SOVR,SOV,USD,9/30/2025,Senior Unsecured,8.25,Semiannually,6.761422209,0.938522523,106.375,N,B3,N/A,USD-PKGV-SEN,9.412731006,2.719501964,0,FALSE,FALSE,0.938522523,0.009226724,1,1.49499864,0.008659488,0.034287207,-1.224503324
278,5/2/2016,US695847AB92,0.06797742,100061788,PKGV,SOVRN,SV,SOVR,SOV,USD,3/31/2036,Senior Unsecured,7.875,Semiannually,9.87707715,0.563113514,90.52,N,B3,B-,USD-PKGV-SEN,19.91238877,2.916590492,0,FALSE,FALSE,0.563113514,0.009226724,1,1.692087168,0.005195693,0.034287207,-1.224503324
279,5/2/2016,XS1056560763,0.042124818,100061788,PKGV,SOVRN,SV,SOVR,SOV,USD,4/15/2019,Senior Unsecured,7.25,Semiannually,2.710742879,1.877045046,105.25,N,B3,B-,USD-PKGV-SEN,2.951403149,2.438051984,0,FALSE,FALSE,1.877045046,0.009226724,1,1.213548661,0.017318977,0.034287207,-1.224503324
280,5/2/2016,US695847AC75,0.026711073,100061788,PKGV,SOVRN,SV,SOVR,SOV,USD,6/1/2017,Senior Unsecured,6.875,Semiannually,1.03403286,1.407783784,103.1,N,B3,B-,USD-PKGV-SEN,1.081451061,1.982493115,0,FALSE,FALSE,1.407783784,0.009226724,1,0.757989791,0.012989232,0.034287207,-1.224503324
281,5/2/2016,US695847AK91,0.056952489,100061788,PKGV,SOVRN,SV,SOVR,SOV,USD,4/15/2024,Senior Unsecured,8.25,Semiannually,6.01656481,1.877045046,105.52,N,B3,B-,USD-PKGV-SEN,7.953456537,2.739632308,0,FALSE,FALSE,1.877045046,0.009226724,1,1.515128984,0.017318977,0.034287207,-1.224503324
282,5/2/2016,USY8793YAL66,0.06797742,100061788,PKGV,SOVRN,SV,SOVR,SOV,USD,3/31/2036,Senior Unsecured,7.875,Semiannually,9.87707715,0.563113514,90.52,N,B3,B-,USD-PKGV-SEN,19.91238877,2.916590492,0,FALSE,FALSE,0.563113514,0.009226724,1,1.692087168,0.005195693,0.034287207,-1.224503324
283,5/2/2016,USY8793YAM40,0.026711073,100061788,PKGV,SOVRN,SV,SOVR,SOV,USD,6/1/2017,Senior Unsecured,6.875,Semiannually,1.03403286,1.407783784,103.1,N,B3,B-,USD-PKGV-SEN,1.081451061,1.982493115,0,FALSE,FALSE,1.407783784,0.009226724,1,0.757989791,0.012989232,0.034287207,-1.224503324
284,5/2/2016,ARARGE320150,0.044344108,100066725,ARGV,SOVRN,SV,SOVR,SOV,USD,12/29/2016,Unsecured,6,Monthly,0.358169344,1.983164044,102.3,N,N/A,,USD-ARGV-SEN,0.65982204,2.489394744,0,FALSE,FALSE,1.983164044,0.012016406,1,1.299909829,0.023830505,0.03241762,-1.189484915
285,5/2/2016,XS0501194756,0.059911616,100066725,ARGV,SOVRN,SV,SOVR,SOV,USD,12/31/2033,Senior Unsecured,8.28,Semiannually,7.965162147,1.847763988,103.75,N,N/A,,USD-ARGV-SEN,17.66461328,2.79028532,0,FALSE,FALSE,1.847763988,0.012016406,1,1.600800405,0.022203483,0.03241762,-1.189484915
286,5/2/2016,XS0501195480,0.034632138,100066725,ARGV,SOVRN,SV,SOVR,SOV,USD,6/2/2017,Senior Unsecured,8.75,Semiannually,1.024821842,1.782028689,104.2,N,N/A,,USD-ARGV-SEN,1.084188912,2.242197014,0,FALSE,FALSE,1.782028689,0.012016406,1,1.052712099,0.021413581,0.03241762,-1.189484915
288,5/2/2016,US040114GH79,0.048581254,100066725,ARGV,SOVRN,SV,SOVR,SOV,USD,6/19/2031,Unsecured,12,Semiannually,8.435480952,0.897227532,149,N,Ca,NR,USD-ARGV-SEN,15.12936345,2.580652648,0,FALSE,FALSE,0.897227532,0.012016406,1,1.391167733,0.01078145,0.03241762,-1.189484915
290,5/2/2016,US040114GQ78,0.04720913,100066725,ARGV,SOVRN,SV,SOVR,SOV,USD,4/22/2021,Senior Unsecured,6.875,Semiannually,4.301183155,8.446702705,103.5,N,B3,B-,USD-ARGV-SEN,4.971937029,2.552002212,0,FALSE,FALSE,8.446702705,0.012016406,1,1.362517297,0.101499011,0.03241762,-1.189484915
291,5/2/2016,US040114GS35,0.055280767,100066725,ARGV,SOVRN,SV,SOVR,SOV,USD,4/22/2026,Senior Unsecured,7.5,Semiannually,7.19763518,12.2007928,101.5,N,B3,B-,USD-ARGV-SEN,9.971252567,2.709839962,0,FALSE,FALSE,12.2007928,0.012016406,1,1.520355047,0.146609682,0.03241762,-1.189484915
292,5/2/2016,US040114GU80,0.056154406,100066725,ARGV,SOVRN,SV,SOVR,SOV,USD,4/22/2046,Senior Unsecured,7.625,Semiannually,12.26162821,5.161873875,98.35,N,B3,B-,USD-ARGV-SEN,29.97125257,2.725520053,0,FALSE,FALSE,5.161873875,0.012016406,1,1.536035139,0.062027173,0.03241762,-1.189484915
293,5/2/2016,US040114GZ77,0.037530258,100066725,ARGV,SOVRN,SV,SOVR,SOV,USD,4/22/2019,Senior Unsecured,6.25,Semiannually,2.758910231,5.161873875,103.875,N,B3,B-,USD-ARGV-SEN,2.970568104,2.322562407,0,FALSE,FALSE,5.161873875,0.012016406,1,1.133077492,0.062027173,0.03241762,-1.189484915
294,5/2/2016,ARARGE320093,0.077640506,100066725,ARGV,SOVRN,SV,SOVR,SOV,USD,3/18/2018,Unsecured,2.4,Semiannually,1.84158944,1.877045046,89.258466,N,N/A,,USD-ARGV-SEN,1.875427789,3.049504184,0,FALSE,FALSE,1.877045046,0.012016406,1,1.860019269,0.022555336,0.03241762,-1.189484915
295,5/2/2016,ARARGE320069,0.076878005,100066725,ARGV,SOVRN,SV,SOVR,SOV,USD,10/28/2016,Unsecured,1.75,Semiannually,0.490410959,1.845779393,96.719758,N,N/A,,USD-ARGV-SEN,0.490075291,3.039634725,0,FALSE,FALSE,1.845779393,0.012016406,1,1.850149811,0.022179635,0.03241762,-1.189484915
297,5/2/2016,ARARGE03H413,0.053094573,100066725,ARGV,SOVRN,SV,SOVR,SOV,USD,5/7/2024,Unsecured,8.75,Semiannually,4.319025792,9.99927227,113.25,N,N/A,,USD-ARGV-SEN,8.013689254,2.669489618,0,FALSE,FALSE,9.99927227,0.012016406,1,1.480004703,0.120155317,0.03241762,-1.189484915
298,5/2/2016,ARARGE03H132,0.047796443,100066725,ARGV,SOVRN,SV,SOVR,SOV,USD,11/29/2018,Unsecured,9,Semiannually,2.286751186,6.333825119,111.25,N,N/A,,USD-ARGV-SEN,2.576317591,2.564366138,0,FALSE,FALSE,6.333825119,0.012016406,1,1.374881223,0.076109815,0.03241762,-1.189484915
299,5/2/2016,XS0501195050,0.05851408,100066725,ARGV,SOVRN,SV,SOVR,SOV,USD,12/31/2033,Unsecured,8.28,Semiannually,9.513962981,0.010617828,103.75,N,N/A,N/A,USD-ARGV-SEN,17.66461328,2.76668232,0,FALSE,FALSE,0.010617828,0.012016406,1,1.577197405,0.000127588,0.03241762,-1.189484915
300,5/2/2016,ARARGE03G688,0.057313879,100066725,ARGV,SOVRN,SV,SOVR,SOV,USD,12/31/2033,Unsecured,8.28,Semiannually,8.028512224,0.24678613,108.75,N,N/A,N/A,USD-ARGV-SEN,17.66461328,2.74595772,0,FALSE,FALSE,0.24678613,0.012016406,1,1.556472806,0.002965482,0.03241762,-1.189484915
301,5/2/2016,USP04808AA23,0.04720203,100066725,ARGV,SOVRN,SV,SOVR,SOV,USD,4/22/2021,Senior Unsecured,6.875,Semiannually,4.301805691,8.446702705,103.5,N,B3,B-,USD-ARGV-SEN,4.971937029,2.551851802,0,FALSE,FALSE,8.446702705,0.012016406,1,1.362366887,0.101499011,0.03241762,-1.189484915
302,5/2/2016,ARARGE3200U1,0.051184262,100066725,ARGV,SOVRN,SV,SOVR,SOV,USD,10/8/2020,Unsecured,8,Semiannually,3.824952859,2.261539634,106.6,N,N/A,,USD-ARGV-SEN,4.435318275,2.632847019,0,FALSE,FALSE,2.261539634,0.012016406,1,1.443362104,0.027175579,0.03241762,-1.189484915
303,5/2/2016,ARARGE3200S5,0.059876619,100066725,ARGV,SOVRN,SV,SOVR,SOV,USD,6/9/2017,Unsecured,0.75,Semiannually,1.10153452,0.722010323,93.200274,N,N/A,,USD-ARGV-SEN,1.103353867,2.789700997,0,FALSE,FALSE,0.722010323,0.012016406,1,1.600216082,0.008675969,0.03241762,-1.189484915
304,5/2/2016,ARARGE3200R7,0.080751342,100066725,ARGV,SOVRN,SV,SOVR,SOV,USD,9/21/2017,Unsecured,0.75,Semiannually,1.383016328,1.934779342,89.069021,N,N/A,,USD-ARGV-SEN,1.388090349,3.088789492,0,FALSE,FALSE,1.934779342,0.012016406,1,1.899304577,0.023249094,0.03241762,-1.189484915
305,5/2/2016,ARARGE3200O4,0.066086149,100066725,ARGV,SOVRN,SV,SOVR,SOV,USD,2/22/2017,Unsecured,0.75,Semiannually,0.809007501,2.041213483,94.654327,N,N/A,,USD-ARGV-SEN,0.810403833,2.888374092,0,FALSE,FALSE,2.041213483,0.012016406,1,1.698889178,0.02452805,0.03241762,-1.189484915
306,5/2/2016,USP04808AG92,0.03752178,100066725,ARGV,SOVRN,SV,SOVR,SOV,USD,4/22/2019,Senior Unsecured,6.25,Semiannually,2.759421715,5.161873875,103.875,N,B3,B-,USD-ARGV-SEN,2.970568104,2.322336461,0,FALSE,FALSE,5.161873875,0.012016406,1,1.132851547,0.062027173,0.03241762,-1.189484915
307,5/2/2016,USP04808AE45,0.056143837,100066725,ARGV,SOVRN,SV,SOVR,SOV,USD,4/22/2046,Senior Unsecured,7.625,Semiannually,12.26429995,5.161873875,98.35,N,B3,B-,USD-ARGV-SEN,29.97125257,2.725331825,0,FALSE,FALSE,5.161873875,0.012016406,1,1.53584691,0.062027173,0.03241762,-1.189484915
308,5/2/2016,USP04808AC88,0.055272089,100066725,ARGV,SOVRN,SV,SOVR,SOV,USD,4/22/2026,Senior Unsecured,7.5,Semiannually,7.198853194,12.2007928,101.5,N,B3,B-,USD-ARGV-SEN,9.971252567,2.709682973,0,FALSE,FALSE,12.2007928,0.012016406,1,1.520198058,0.146609682,0.03241762,-1.189484915
309,5/2/2016,XS1303920083,0.072682585,100048761,UAGV,SOVRN,SV,SOVR,SOV,USD,9/1/2021,Senior Unsecured,7.75,Semiannually,4.394164002,2.586119459,95.875,N,Caa3,B-,USD-UAGV-SEN,5.333333333,2.983516724,0,FALSE,FALSE,2.586119459,0.002469796,1,1.597458155,0.006387187,0.003342704,-1.386058568
310,5/2/2016,XS1303925041,0.069550371,100048761,UAGV,SOVRN,SV,SOVR,SOV,USD,9/1/2024,Senior Unsecured,7.75,Semiannually,6.161466762,2.468449382,94.625,N,Caa3,B-,USD-UAGV-SEN,8.334017796,2.939466156,0,FALSE,FALSE,2.468449382,0.002469796,1,1.553407587,0.006096566,0.003342704,-1.386058568
311,5/2/2016,XS1303921487,0.070728779,100048761,UAGV,SOVRN,SV,SOVR,SOV,USD,9/1/2023,Senior Unsecured,7.75,Semiannually,5.613281787,2.496683894,94.875,N,Caa3,B-,USD-UAGV-SEN,7.331964408,2.956267456,0,FALSE,FALSE,2.496683894,0.002469796,1,1.570208888,0.006166299,0.003342704,-1.386058568
312,5/2/2016,XS1303921214,0.072364363,100048761,UAGV,SOVRN,SV,SOVR,SOV,USD,9/1/2022,Senior Unsecured,7.75,Semiannually,5.025163187,2.543058169,95,N,Caa3,B-,USD-UAGV-SEN,6.332648871,2.979128861,0,FALSE,FALSE,2.543058169,0.002469796,1,1.593070293,0.006280834,0.003342704,-1.386058568
313,5/2/2016,XS1303925470,0.069075294,100048761,UAGV,SOVRN,SV,SOVR,SOV,USD,9/1/2025,Senior Unsecured,7.75,Semiannually,6.661107385,2.451480895,94.125,N,Caa3,B-,USD-UAGV-SEN,9.333333333,2.93261204,0,FALSE,FALSE,2.451480895,0.002469796,1,1.546553471,0.006054657,0.003342704,-1.386058568
314,5/2/2016,XS1303918939,0.074019817,100048761,UAGV,SOVRN,SV,SOVR,SOV,USD,9/1/2020,Senior Unsecured,7.75,Semiannually,3.706494253,3.203233682,96.375,N,Caa3,B-,USD-UAGV-SEN,4.334017796,3.001747767,0,FALSE,FALSE,3.203233682,0.002469796,1,1.615689199,0.007911333,0.003342704,-1.386058568
315,5/2/2016,UA4000151286,0.096696191,100048761,UAGV,SOVRN,SV,SOVR,SOV,USD,12/20/2017,Unsecured,7.5,Every 182 days,1.525898215,0.994833874,94.89,N,N/A,N/A,USD-UAGV-SEN,1.63449692,3.268988922,0,FALSE,FALSE,0.994833874,0.002469796,1,1.882930353,0.002457036,0.003342704,-1.386058568
316,5/2/2016,XS1303918269,0.076583412,100048761,UAGV,SOVRN,SV,SOVR,SOV,USD,9/1/2019,Senior Unsecured,7.75,Semiannually,2.962404654,3.273018462,96.625,N,Caa3,B-,USD-UAGV-SEN,3.331964408,3.035795413,0,FALSE,FALSE,3.273018462,0.002469796,1,1.649736845,0.008083687,0.003342704,-1.386058568
317,5/2/2016,XS1303927179,0.069120036,100048761,UAGV,SOVRN,SV,SOVR,SOV,USD,9/1/2027,Senior Unsecured,7.75,Semiannually,7.540950927,2.414307895,92.625,N,Caa3,B-,USD-UAGV-SEN,11.33196441,2.933259546,0,FALSE,FALSE,2.414307895,0.002469796,1,1.547200978,0.005962847,0.003342704,-1.386058568
318,5/2/2016,UA4000177414,0.097695544,100048761,UAGV,SOVRN,SV,SOVR,SOV,USD,10/26/2016,Unsecured,7.75,Every 182 days,0.484931507,0.560297946,98.5287,N,N/A,N/A,USD-UAGV-SEN,0.484599589,3.279270856,0,FALSE,FALSE,0.560297946,0.002469796,1,1.893212288,0.001383821,0.003342704,-1.386058568
319,5/2/2016,UA4000166854,0.094764848,100048761,UAGV,SOVRN,SV,SOVR,SOV,USD,5/17/2017,Unsecured,7.45,Every 182 days,0.986340909,0.347253333,96.6087,N,N/A,N/A,USD-UAGV-SEN,1.040383299,3.248813443,0,FALSE,FALSE,0.347253333,0.002469796,1,1.862754875,0.000857645,0.003342704,-1.386058568
320,5/2/2016,XS1303926528,0.069831281,100048761,UAGV,SOVRN,SV,SOVR,SOV,USD,9/1/2026,Senior Unsecured,7.75,Semiannually,7.108844542,2.43153166,92.875,N,Caa3,B-,USD-UAGV-SEN,10.33264887,2.943496968,0,FALSE,FALSE,2.43153166,0.002469796,1,1.557438399,0.006005386,0.003342704,-1.386058568
321,5/2/2016,US903724AM46,0.074019817,100048761,UAGV,SOVRN,SV,SOVR,SOV,USD,9/1/2020,Senior Unsecured,7.75,Semiannually,3.706494253,3.340834223,96.375,N,Caa3,B-,USD-UAGV-SEN,4.334017796,3.001747767,0,FALSE,FALSE,3.340834223,0.002469796,1,1.615689199,0.008251178,0.003342704,-1.386058568
323,5/2/2016,US903724AR33,0.069550371,100048761,UAGV,SOVRN,SV,SOVR,SOV,USD,9/1/2024,Senior Unsecured,7.75,Semiannually,6.161466762,2.513470308,94.625,N,Caa3,B-,USD-UAGV-SEN,8.334017796,2.939466156,0,FALSE,FALSE,2.513470308,0.002469796,1,1.553407587,0.006207758,0.003342704,-1.386058568
325,5/2/2016,US903724AV45,0.076583412,100048761,UAGV,SOVRN,SV,SOVR,SOV,USD,9/1/2019,Senior Unsecured,7.75,Semiannually,2.962404654,3.273018462,96.625,N,Caa3,B-,USD-UAGV-SEN,3.331964408,3.035795413,0,FALSE,FALSE,3.273018462,0.002469796,1,1.649736845,0.008083687,0.003342704,-1.386058568
326,5/2/2016,US903724AT98,0.069831281,100048761,UAGV,SOVRN,SV,SOVR,SOV,USD,9/1/2026,Senior Unsecured,7.75,Semiannually,7.108844542,2.43153166,92.875,N,Caa3,B-,USD-UAGV-SEN,10.33264887,2.943496968,0,FALSE,FALSE,2.43153166,0.002469796,1,1.557438399,0.006005386,0.003342704,-1.386058568
327,5/2/2016,US903724AS16,0.069075294,100048761,UAGV,SOVRN,SV,SOVR,SOV,USD,9/1/2025,Senior Unsecured,7.75,Semiannually,6.661107385,2.494380759,94.125,N,Caa3,B-,USD-UAGV-SEN,9.333333333,2.93261204,0,FALSE,FALSE,2.494380759,0.002469796,1,1.546553471,0.006160611,0.003342704,-1.386058568
328,5/2/2016,US903724AU61,0.069120036,100048761,UAGV,SOVRN,SV,SOVR,SOV,USD,9/1/2027,Senior Unsecured,7.75,Semiannually,7.540950927,2.414307895,92.625,N,Caa3,B-,USD-UAGV-SEN,11.33196441,2.933259546,0,FALSE,FALSE,2.414307895,0.002469796,1,1.547200978,0.005962847,0.003342704,-1.386058568
329,5/2/2016,US903724AQ59,0.070728779,100048761,UAGV,SOVRN,SV,SOVR,SOV,USD,9/1/2023,Senior Unsecured,7.75,Semiannually,5.613281787,2.543829634,94.875,N,Caa3,B-,USD-UAGV-SEN,7.331964408,2.956267456,0,FALSE,FALSE,2.543829634,0.002469796,1,1.570208888,0.006282739,0.003342704,-1.386058568
330,5/2/2016,US903724AP76,0.072364363,100048761,UAGV,SOVRN,SV,SOVR,SOV,USD,9/1/2022,Senior Unsecured,7.75,Semiannually,5.025163187,2.597252213,95,N,Caa3,B-,USD-UAGV-SEN,6.332648871,2.979128861,0,FALSE,FALSE,2.597252213,0.002469796,1,1.593070293,0.006414682,0.003342704,-1.386058568
331,5/2/2016,US903724AN29,0.072682585,100048761,UAGV,SOVRN,SV,SOVR,SOV,USD,9/1/2021,Senior Unsecured,7.75,Semiannually,4.394164002,2.645285796,95.875,N,Caa3,B-,USD-UAGV-SEN,5.333333333,2.983516724,0,FALSE,FALSE,2.645285796,0.002469796,1,1.597458155,0.006533315,0.003342704,-1.386058568
